,cluster,week,day,hour,minute,wk_ago,day_ago,target
0,0,32,3,16,0,50,50,20
1,0,32,3,16,10,50,20,20
2,0,32,4,10,0,10,30,20
3,0,32,4,10,10,10,30,50
4,0,32,4,10,20,10,30,50
5,0,32,4,10,30,20,30,50
6,0,32,4,10,40,20,30,30
7,0,32,4,10,50,30,30,50
8,0,32,4,11,0,30,30,30
9,0,32,4,11,10,20,0,30
10,0,32,4,11,20,30,0,40
11,0,32,4,11,30,30,30,50
12,0,32,4,11,40,30,30,20
13,0,32,4,11,50,30,30,30
14,0,32,4,12,0,30,10,50
15,0,32,4,12,10,10,30,50
16,0,32,4,12,20,20,20,50
17,0,32,4,12,30,10,30,20
18,0,32,4,12,40,10,0,10
19,0,32,4,12,50,10,10,10
20,0,32,4,13,0,20,30,10
21,0,32,4,13,10,10,30,10
22,0,32,4,13,20,10,70,20
23,0,32,4,13,30,20,50,10
24,0,32,4,13,40,20,30,10
25,0,32,4,13,50,10,50,10
26,0,32,4,14,0,30,60,20
27,0,32,4,14,10,50,30,10
28,0,32,4,14,20,20,50,10
29,0,32,4,14,30,60,30,10
30,0,32,4,14,40,30,30,10
31,0,32,4,14,50,50,20,10
32,0,32,4,15,0,60,30,10
33,0,32,4,15,10,30,30,10
34,0,32,4,15,20,60,20,20
35,0,32,4,15,30,60,30,30
36,0,33,2,11,0,30,30,20
37,0,33,2,11,10,50,30,20
38,0,33,2,11,20,30,10,20
39,0,33,2,11,30,20,0,20
40,0,33,2,11,40,30,10,30
41,0,33,2,11,50,20,10,50
42,0,33,2,12,0,40,20,30
43,0,33,2,12,10,50,10,20
44,0,33,2,12,20,30,10,20
45,0,33,2,12,30,30,20,0
46,0,33,2,12,40,20,30,0
47,0,33,2,12,50,30,20,20
48,0,33,2,13,0,20,30,20
49,0,33,2,13,10,20,30,20
50,0,33,2,13,20,20,50,10
51,0,33,2,13,30,20,30,20
52,0,33,2,13,40,20,30,10
53,0,33,2,13,50,20,50,30
54,0,33,2,14,0,30,30,30
55,0,33,2,14,10,20,30,20
56,0,33,2,14,20,20,20,30
57,0,33,2,14,30,10,50,10
58,0,33,2,14,40,10,20,20
59,0,33,2,14,50,10,30,30
60,0,33,2,15,0,20,30,10
61,0,33,2,15,10,10,30,0
62,0,33,2,15,20,10,30,0
63,0,33,2,15,30,20,40,10
64,0,33,2,15,40,0,10,10
65,0,33,2,15,50,20,10,10
66,0,33,2,16,0,50,50,10
67,0,33,2,16,10,20,20,10
68,0,33,2,16,20,30,10,0
69,0,33,2,16,30,10,10,10
70,0,33,2,16,40,30,20,10
71,0,33,2,16,50,10,0,10
174,0,33,3,10,0,30,20,20
175,0,33,3,10,10,30,20,50
176,0,33,3,10,20,30,20,30
177,0,33,3,10,30,30,30,20
178,0,33,3,10,40,30,20,30
179,0,33,3,10,50,30,20,30
180,0,33,3,11,0,30,20,30
181,0,33,3,11,10,0,20,50
182,0,33,3,11,20,0,20,30
183,0,33,3,11,30,30,20,30
184,0,33,3,11,40,30,30,20
185,0,33,3,11,50,30,50,20
186,0,33,3,12,0,10,30,20
187,0,33,3,12,10,30,20,30
188,0,33,3,12,20,20,20,30
189,0,33,3,12,30,30,0,20
190,0,33,3,12,40,0,0,20
191,0,33,3,12,50,10,20,20
192,0,33,3,13,0,30,20,20
193,0,33,3,13,10,30,20,10
194,0,33,3,13,20,70,10,10
195,0,33,3,13,30,50,20,20
196,0,33,3,13,40,30,10,10
197,0,33,3,13,50,50,30,10
198,0,33,3,14,0,60,30,20
199,0,33,3,14,10,30,20,20
200,0,33,3,14,20,50,30,20
201,0,33,3,14,30,30,10,20
202,0,33,3,14,40,30,20,60
203,0,33,3,14,50,20,30,20
204,0,33,3,15,0,30,10,20
205,0,33,3,15,10,30,0,10
206,0,33,3,15,20,20,0,20
207,0,33,3,15,30,30,10,30
208,0,33,3,15,40,20,10,50
209,0,33,3,15,50,10,10,50
210,0,33,3,16,0,20,10,30
211,0,33,3,16,10,20,10,20
212,0,33,3,16,20,30,0,10
213,0,33,3,16,30,30,10,30
214,0,33,3,16,40,20,10,30
215,0,33,3,16,50,30,10,20
318,0,33,4,10,0,20,20,10
319,0,33,4,10,10,50,50,10
320,0,33,4,10,20,50,30,20
321,0,33,4,10,30,50,20,0
322,0,33,4,10,40,30,30,0
323,0,33,4,10,50,50,30,0
324,0,33,4,11,0,30,30,0
325,0,33,4,11,10,30,50,0
326,0,33,4,11,20,40,30,10
327,0,33,4,11,30,50,30,10
328,0,33,4,11,40,20,20,20
329,0,33,4,11,50,30,20,20
330,0,33,4,12,0,50,20,30
331,0,33,4,12,10,50,30,0
332,0,33,4,12,20,50,30,20
333,0,33,4,12,30,20,20,10
334,0,33,4,12,40,10,20,10
335,0,33,4,12,50,10,20,10
336,0,33,4,13,0,10,20,0
337,0,33,4,13,10,10,10,10
338,0,33,4,13,20,20,10,20
339,0,33,4,13,30,10,20,20
340,0,33,4,13,40,10,10,30
341,0,33,4,13,50,10,10,30
342,0,33,4,14,0,20,20,30
343,0,33,4,14,10,10,20,30
344,0,33,4,14,20,10,20,20
345,0,33,4,14,30,10,20,10
346,0,33,4,14,40,10,60,10
347,0,33,4,14,50,10,20,30
348,0,33,4,15,0,10,20,30
349,0,33,4,15,10,10,10,30
350,0,33,4,15,20,20,20,30
351,0,33,4,15,30,30,30,10
352,0,33,4,15,40,20,50,10
353,0,33,4,15,50,20,50,10
354,0,33,4,16,0,20,30,10
355,0,33,4,16,10,30,20,10
356,0,33,4,16,20,30,10,20
357,0,33,4,16,30,10,30,10
358,0,33,4,16,40,10,30,10
359,0,33,4,16,50,10,20,10
750,0,34,0,10,0,10,20,50
751,0,34,0,10,10,10,20,30
752,0,34,0,10,20,20,10,100
753,0,34,0,10,30,20,10,50
754,0,34,0,10,40,20,20,30
755,0,34,0,10,50,10,20,60
756,0,34,0,11,0,60,30,60
757,0,34,0,11,10,50,30,70
758,0,34,0,11,20,80,20,100
759,0,34,0,11,30,30,30,60
760,0,34,0,11,40,70,30,50
761,0,34,0,11,50,60,50,50
762,0,34,0,12,0,50,20,50
763,0,34,0,12,10,50,10,20
764,0,34,0,12,20,10,20,40
765,0,34,0,12,30,0,10,20
766,0,34,0,12,40,10,20,50
767,0,34,0,12,50,0,30,30
768,0,34,0,13,0,20,20,50
769,0,34,0,13,10,10,10,50
770,0,34,0,13,20,20,10,50
771,0,34,0,13,30,20,30,50
772,0,34,0,13,40,10,50,80
773,0,34,0,13,50,20,30,80
774,0,34,0,14,0,10,10,80
775,0,34,0,14,10,50,20,80
776,0,34,0,14,20,50,10,50
777,0,34,0,14,30,30,30,50
778,0,34,0,14,40,10,30,50
779,0,34,0,14,50,20,30,60
780,0,34,0,15,0,20,30,50
781,0,34,0,15,10,10,10,30
782,0,34,0,15,20,20,20,20
783,0,34,0,15,30,30,20,30
784,0,34,0,15,40,30,30,30
785,0,34,0,15,50,30,20,20
786,0,34,0,16,0,50,50,30
787,0,34,0,16,10,30,30,40
788,0,34,0,16,20,20,20,20
789,0,34,0,16,30,60,10,10
790,0,34,0,16,40,20,10,20
791,0,34,0,16,50,30,10,0
894,0,34,1,10,0,50,50,70
895,0,34,1,10,10,20,30,50
896,0,34,1,10,20,60,100,50
897,0,34,1,10,30,50,50,50
898,0,34,1,10,40,20,30,60
899,0,34,1,10,50,20,60,70
900,0,34,1,11,0,30,60,50
901,0,34,1,11,10,30,70,20
902,0,34,1,11,20,10,100,30
903,0,34,1,11,30,0,60,30
904,0,34,1,11,40,10,50,20
905,0,34,1,11,50,10,50,20
906,0,34,1,12,0,20,50,10
907,0,34,1,12,10,10,20,10
908,0,34,1,12,20,10,40,30
909,0,34,1,12,30,20,20,30
910,0,34,1,12,40,30,50,30
911,0,34,1,12,50,20,30,60
912,0,34,1,13,0,30,50,20
913,0,34,1,13,10,30,50,20
914,0,34,1,13,20,50,50,20
915,0,34,1,13,30,30,50,20
916,0,34,1,13,40,30,80,20
917,0,34,1,13,50,50,80,10
918,0,34,1,14,0,30,80,20
919,0,34,1,14,10,30,80,20
920,0,34,1,14,20,20,50,20
921,0,34,1,14,30,50,50,30
922,0,34,1,14,40,20,50,50
923,0,34,1,14,50,30,60,50
924,0,34,1,15,0,30,50,20
925,0,34,1,15,10,30,30,60
926,0,34,1,15,20,30,20,70
927,0,34,1,15,30,40,30,70
928,0,34,1,15,40,10,30,60
929,0,34,1,15,50,10,20,50
930,0,34,1,16,0,50,30,60
931,0,34,1,16,10,20,40,70
932,0,34,1,16,20,10,20,50
933,0,34,1,16,30,10,10,50
934,0,34,1,16,40,20,20,50
935,0,34,1,16,50,0,0,50
1035,0,34,2,10,0,20,70,20
1036,0,34,2,10,10,20,50,10
1037,0,34,2,10,20,20,50,20
1038,0,34,2,10,30,30,50,10
1039,0,34,2,10,40,20,60,10
1040,0,34,2,10,50,20,70,20
1041,0,34,2,11,0,20,50,10
1042,0,34,2,11,10,20,20,20
1043,0,34,2,11,20,20,30,10
1044,0,34,2,11,30,20,30,20
1045,0,34,2,11,40,30,20,10
1046,0,34,2,11,50,50,20,10
1047,0,34,2,12,0,30,10,10
1048,0,34,2,12,10,20,10,10
1049,0,34,2,12,20,20,30,20
1050,0,34,2,12,30,0,30,20
1051,0,34,2,12,40,0,30,20
1052,0,34,2,12,50,20,60,10
1053,0,34,2,13,0,20,20,10
1054,0,34,2,13,10,20,20,20
1055,0,34,2,13,20,10,20,10
1056,0,34,2,13,30,20,20,10
1057,0,34,2,13,40,10,20,50
1058,0,34,2,13,50,30,10,20
1059,0,34,2,14,0,30,20,30
1060,0,34,2,14,10,20,20,50
1061,0,34,2,14,20,30,20,20
1062,0,34,2,14,30,10,30,20
1063,0,34,2,14,40,20,50,20
1064,0,34,2,14,50,30,50,30
1065,0,34,2,15,0,10,20,30
1066,0,34,2,15,10,0,60,20
1067,0,34,2,15,20,0,70,20
1068,0,34,2,15,30,10,70,10
1069,0,34,2,15,40,10,60,10
1070,0,34,2,15,50,10,50,0
1071,0,34,2,16,0,10,60,0
1072,0,34,2,16,10,10,70,10
1073,0,34,2,16,20,0,50,20
1074,0,34,2,16,30,10,50,20
1075,0,34,2,16,40,10,50,30
1076,0,34,2,16,50,10,50,20
1176,0,34,3,10,0,20,20,30
1177,0,34,3,10,10,50,10,10
1178,0,34,3,10,20,30,20,20
1179,0,34,3,10,30,20,10,30
1180,0,34,3,10,40,30,10,30
1181,0,34,3,10,50,30,20,30
1182,0,34,3,11,0,30,10,20
1183,0,34,3,11,10,50,20,0
1184,0,34,3,11,20,30,10,20
1185,0,34,3,11,30,30,20,30
1186,0,34,3,11,40,20,10,10
1187,0,34,3,11,50,20,10,50
1188,0,34,3,12,0,20,10,20
1189,0,34,3,12,10,30,10,20
1190,0,34,3,12,20,30,20,20
1191,0,34,3,12,30,20,20,10
1192,0,34,3,12,40,20,20,0
1193,0,34,3,12,50,20,10,0
1194,0,34,3,13,0,20,10,10
1195,0,34,3,13,10,10,20,10
1196,0,34,3,13,20,10,10,10
1197,0,34,3,13,30,20,10,10
1198,0,34,3,13,40,10,50,10
1199,0,34,3,13,50,10,20,10
1200,0,34,3,14,0,20,30,10
1201,0,34,3,14,10,20,50,20
1202,0,34,3,14,20,20,20,20
1203,0,34,3,14,30,20,20,20
1204,0,34,3,14,40,60,20,10
1205,0,34,3,14,50,20,30,30
1206,0,34,3,15,0,20,30,20
1207,0,34,3,15,10,10,20,20
1208,0,34,3,15,20,20,20,30
1209,0,34,3,15,30,30,10,30
1210,0,34,3,15,40,50,10,30
1211,0,34,3,15,50,50,0,50
1212,0,34,3,16,0,30,0,20
1213,0,34,3,16,10,20,10,20
1214,0,34,3,16,20,10,20,20
1215,0,34,3,16,30,30,20,10
1216,0,34,3,16,40,30,30,20
1217,0,34,3,16,50,20,20,10
1320,0,34,4,10,0,10,30,20
1321,0,34,4,10,10,10,10,20
1322,0,34,4,10,20,20,20,10
1323,0,34,4,10,30,0,30,10
1324,0,34,4,10,40,0,30,20
1325,0,34,4,10,50,0,30,20
1326,0,34,4,11,0,0,20,30
1327,0,34,4,11,10,0,0,30
1328,0,34,4,11,20,10,20,20
1329,0,34,4,11,30,10,30,30
1330,0,34,4,11,40,20,10,30
1331,0,34,4,11,50,20,50,50
1332,0,34,4,12,0,30,20,20
1333,0,34,4,12,10,0,20,10
1334,0,34,4,12,20,20,20,20
1335,0,34,4,12,30,10,10,10
1336,0,34,4,12,40,10,0,20
1337,0,34,4,12,50,10,0,30
1338,0,34,4,13,0,0,10,20
1339,0,34,4,13,10,10,10,10
1340,0,34,4,13,20,20,10,10
1341,0,34,4,13,30,20,10,30
1342,0,34,4,13,40,30,10,50
1343,0,34,4,13,50,30,10,30
1344,0,34,4,14,0,30,10,10
1345,0,34,4,14,10,30,20,20
1346,0,34,4,14,20,20,20,10
1347,0,34,4,14,30,10,20,30
1348,0,34,4,14,40,10,10,30
1349,0,34,4,14,50,30,30,30
1350,0,34,4,15,0,30,20,30
1351,0,34,4,15,10,30,20,10
1352,0,34,4,15,20,30,30,20
1353,0,34,4,15,30,10,30,20
1354,0,34,4,15,40,10,30,30
1355,0,34,4,15,50,10,50,20
1356,0,34,4,16,0,10,20,50
1357,0,34,4,16,10,10,20,30
1358,0,34,4,16,20,20,20,20
1359,0,34,4,16,30,10,10,10
1360,0,34,4,16,40,10,20,10
1361,0,34,4,16,50,10,10,10
1752,0,35,0,10,0,50,40,30
1753,0,35,0,10,10,30,30,30
1754,0,35,0,10,20,100,30,50
1755,0,35,0,10,30,50,30,30
1756,0,35,0,10,40,30,10,30
1757,0,35,0,10,50,60,50,30
1758,0,35,0,11,0,60,40,30
1759,0,35,0,11,10,70,60,50
1760,0,35,0,11,20,100,50,20
1761,0,35,0,11,30,60,50,20
1762,0,35,0,11,40,50,50,20
1763,0,35,0,11,50,50,20,20
1764,0,35,0,12,0,50,50,10
1765,0,35,0,12,10,20,50,20
1766,0,35,0,12,20,40,10,20
1767,0,35,0,12,30,20,10,10
1768,0,35,0,12,40,50,10,20
1769,0,35,0,12,50,30,10,20
1770,0,35,0,13,0,50,20,30
1771,0,35,0,13,10,50,20,20
1772,0,35,0,13,20,50,50,30
1773,0,35,0,13,30,50,30,30
1774,0,35,0,13,40,80,50,20
1775,0,35,0,13,50,80,50,10
1776,0,35,0,14,0,80,50,0
1777,0,35,0,14,10,80,0,0
1778,0,35,0,15,10,30,30,30
1779,0,35,0,15,20,20,30,30
1780,0,35,0,15,30,30,30,30
1781,0,35,0,15,40,30,30,50
1782,0,35,0,15,50,20,50,10
1783,0,35,0,16,0,30,30,30
1784,0,35,0,16,10,40,70,30
1785,0,35,0,16,20,20,60,50
1786,0,35,0,16,30,10,70,30
1787,0,35,0,16,40,20,30,30
1788,0,35,0,16,50,0,30,30
1891,0,35,1,10,0,70,30,50
1892,0,35,1,10,10,50,30,20
1893,0,35,1,10,20,50,50,30
1894,0,35,1,10,30,50,30,30
1895,0,35,1,10,40,60,30,20
1896,0,35,1,10,50,70,30,30
1897,0,35,1,11,0,50,30,20
1898,0,35,1,11,10,20,50,10
1899,0,35,1,11,20,30,20,30
1900,0,35,1,11,30,30,20,30
1901,0,35,1,11,40,20,20,30
1902,0,35,1,11,50,20,20,50
1903,0,35,1,12,0,10,10,20
1904,0,35,1,12,10,10,20,20
1905,0,35,1,12,20,30,20,20
1906,0,35,1,12,30,30,10,10
1907,0,35,1,12,40,30,20,10
1908,0,35,1,12,50,60,20,20
1909,0,35,1,13,0,20,30,20
1910,0,35,1,13,10,20,20,10
1911,0,35,1,13,20,20,30,10
1912,0,35,1,13,30,20,30,20
1913,0,35,1,13,40,20,20,30
1914,0,35,1,13,50,10,10,20
1915,0,35,1,14,0,20,0,20
1916,0,35,1,14,10,20,0,30
1917,0,35,1,14,20,20,10,30
1918,0,35,1,14,30,30,20,30
1919,0,35,1,14,40,50,20,50
1920,0,35,1,14,50,50,20,30
1921,0,35,1,15,0,20,20,10
1922,0,35,1,15,10,60,30,10
1923,0,35,1,15,20,70,30,30
1924,0,35,1,15,30,70,30,20
1925,0,35,1,15,40,60,50,20
1926,0,35,1,15,50,50,10,0
1927,0,35,1,16,0,60,30,50
1928,0,35,1,16,10,70,30,30
1929,0,35,1,16,20,50,50,30
1930,0,35,1,16,30,50,30,30
1931,0,35,1,16,40,50,30,30
1932,0,35,1,16,50,50,30,10
2032,0,35,2,10,0,20,50,20
2033,0,35,2,10,10,10,20,30
2034,0,35,2,10,20,20,30,30
2035,0,35,2,10,30,10,30,50
2036,0,35,2,10,40,10,20,30
2037,0,35,2,10,50,20,30,20
2038,0,35,2,11,0,10,20,30
2039,0,35,2,11,10,20,10,30
2040,0,35,2,11,20,10,30,30
2041,0,35,2,11,30,20,30,30
2042,0,35,2,11,40,10,30,30
2043,0,35,2,11,50,10,50,20
2044,0,35,2,12,0,10,20,30
2045,0,35,2,12,10,10,20,20
2046,0,35,2,12,20,20,20,10
2047,0,35,2,12,30,20,10,10
2048,0,35,2,12,40,20,10,10
2049,0,35,2,12,50,10,20,10
2050,0,35,2,13,0,10,20,10
2051,0,35,2,13,10,20,10,10
2052,0,35,2,13,20,10,10,10
2053,0,35,2,13,30,10,20,20
2054,0,35,2,13,40,50,30,20
2055,0,35,2,13,50,20,20,20
2056,0,35,2,14,0,30,20,70
2057,0,35,2,14,10,50,30,30
2058,0,35,2,14,20,20,30,20
2059,0,35,2,14,30,20,30,20
2060,0,35,2,14,40,20,50,30
2061,0,35,2,14,50,30,30,30
2062,0,35,2,15,0,30,10,30
2063,0,35,2,15,10,20,10,30
2064,0,35,2,15,20,20,30,30
2065,0,35,2,15,30,10,20,30
2066,0,35,2,15,40,10,20,30
2067,0,35,2,15,50,0,0,20
2068,0,35,2,16,0,0,50,20
2069,0,35,2,16,10,10,30,20
2070,0,35,2,16,20,20,30,20
2071,0,35,2,16,30,20,30,30
2072,0,35,2,16,40,30,30,30
2073,0,35,2,16,50,20,10,50
2176,0,35,3,10,0,30,20,10
2177,0,35,3,10,10,10,30,10
2178,0,35,3,10,20,20,30,20
2179,0,35,3,10,30,30,50,30
2180,0,35,3,10,40,30,30,20
2181,0,35,3,10,50,30,20,30
2182,0,35,3,11,0,20,30,20
2183,0,35,3,11,10,0,30,20
2184,0,35,3,11,20,20,30,20
2185,0,35,3,11,30,30,30,50
2186,0,35,3,11,40,10,30,60
2187,0,35,3,11,50,50,20,60
2188,0,35,3,12,0,20,30,30
2189,0,35,3,12,10,20,20,30
2190,0,35,3,12,20,20,10,10
2191,0,35,3,12,30,10,10,30
2192,0,35,3,12,40,0,10,30
2193,0,35,3,12,50,0,10,20
2194,0,35,3,13,0,10,10,30
2195,0,35,3,13,10,10,10,30
2196,0,35,3,13,20,10,10,10
2197,0,35,3,13,30,10,20,30
2198,0,35,3,13,40,10,20,20
2199,0,35,3,13,50,10,20,20
2200,0,35,3,14,0,10,70,30
2201,0,35,3,14,10,20,30,20
2202,0,35,3,14,20,20,20,20
2203,0,35,3,14,30,20,20,30
2204,0,35,3,14,40,10,30,30
2205,0,35,3,14,50,30,30,20
2206,0,35,3,15,0,20,30,50
2207,0,35,3,15,10,20,30,30
2208,0,35,3,15,20,30,30,30
2209,0,35,3,15,30,30,30,20
2210,0,35,3,15,40,30,30,20
2211,0,35,3,15,50,50,20,30
2212,0,35,3,16,0,20,20,10
2213,0,35,3,16,10,20,20,30
2214,0,35,3,16,20,20,20,20
2215,0,35,3,16,30,10,30,20
2216,0,35,3,16,40,20,30,10
2217,0,35,3,16,50,10,50,30
2320,0,35,4,10,0,20,10,40
2321,0,35,4,10,10,20,10,30
2322,0,35,4,10,20,10,20,30
2323,0,35,4,10,30,10,30,30
2324,0,35,4,10,40,20,20,10
2325,0,35,4,10,50,20,30,50
2326,0,35,4,11,0,30,20,40
2327,0,35,4,11,10,30,20,60
2328,0,35,4,11,20,20,20,50
2329,0,35,4,11,30,30,50,50
2330,0,35,4,11,40,30,60,50
2331,0,35,4,11,50,50,60,20
2332,0,35,4,12,0,20,30,50
2333,0,35,4,12,10,10,30,50
2334,0,35,4,12,20,20,10,10
2335,0,35,4,12,30,10,30,10
2336,0,35,4,12,40,20,30,10
2337,0,35,4,12,50,30,20,10
2338,0,35,4,13,0,20,30,20
2339,0,35,4,13,10,10,30,20
2340,0,35,4,13,20,10,10,50
2341,0,35,4,13,30,30,30,30
2342,0,35,4,13,40,50,20,50
2343,0,35,4,13,50,30,20,50
2344,0,35,4,14,0,10,30,50
2345,0,35,4,14,10,20,20,0
2346,0,35,4,15,10,10,30,30
2347,0,35,4,15,20,20,30,30
2348,0,35,4,15,30,20,20,30
2349,0,35,4,15,40,30,20,30
2350,0,35,4,15,50,20,30,50
2351,0,35,4,16,0,50,10,30
2352,0,35,4,16,10,30,30,70
2353,0,35,4,16,20,20,20,60
2354,0,35,4,16,30,10,20,70
2355,0,35,4,16,40,10,10,30
2356,0,35,4,16,50,10,30,30
2682,0,38,2,15,50,10,20,10
2683,0,38,2,16,0,10,10,20
2684,0,38,2,16,10,10,10,20
2685,0,38,2,16,20,20,10,10
2686,0,38,2,16,30,20,10,20
2687,0,38,2,16,40,20,10,20
2688,0,38,2,16,50,0,20,30
2791,0,38,3,10,0,20,30,10
2792,0,38,3,10,10,30,20,10
2793,0,38,3,10,20,20,20,20
2794,0,38,3,10,30,20,30,20
2795,0,38,3,10,40,30,30,20
2796,0,38,3,10,50,30,50,30
2797,0,38,3,11,0,30,50,30
2798,0,38,3,11,10,20,20,0
2799,0,38,3,11,20,30,20,20
2800,0,38,3,11,30,50,10,20
2801,0,38,3,11,40,30,10,20
2802,0,38,3,11,50,20,20,20
2803,0,38,3,12,0,30,20,0
2804,0,38,3,12,10,20,20,0
2805,0,38,3,12,20,10,20,0
2806,0,38,3,12,30,50,20,0
2807,0,38,3,12,40,30,10,0
2808,0,38,3,12,50,30,20,0
2809,0,38,3,13,0,20,20,10
2810,0,38,3,13,10,10,10,10
2811,0,38,3,13,20,10,10,10
2812,0,38,3,13,30,20,10,30
2813,0,38,3,13,40,20,30,30
2814,0,38,3,13,50,30,30,20
2815,0,38,3,14,0,30,30,0
2816,0,38,3,14,10,50,30,0
2817,0,38,3,14,20,50,20,0
2818,0,38,3,14,30,20,30,0
2819,0,38,3,14,40,30,20,0
2820,0,38,3,14,50,30,20,0
2821,0,38,3,15,0,50,20,0
2822,0,38,3,15,10,30,20,0
2823,0,38,3,15,20,20,20,0
2824,0,38,3,15,30,30,10,0
2825,0,38,3,15,40,20,10,0
2826,0,38,3,15,50,20,10,0
2827,0,38,3,16,0,20,20,0
2828,0,38,3,16,10,20,20,10
2829,0,38,3,16,20,20,10,0
2830,0,38,3,16,30,10,20,10
2831,0,38,3,16,40,10,20,10
2832,0,38,3,16,50,10,30,0
2935,0,38,4,10,0,10,10,20
2936,0,38,4,10,10,10,10,50
2937,0,38,4,10,20,10,20,30
2938,0,38,4,10,30,10,20,30
2939,0,38,4,10,40,10,20,20
2940,0,38,4,10,50,10,30,10
2941,0,38,4,11,0,0,30,20
2942,0,38,4,11,10,0,0,10
2943,0,38,4,11,20,0,20,20
2944,0,38,4,11,30,0,20,30
2945,0,38,4,11,40,0,20,20
2946,0,38,4,11,50,10,20,30
2947,0,38,4,12,0,10,0,30
2948,0,38,4,12,10,10,0,10
2949,0,38,4,12,20,10,0,30
2950,0,38,4,12,30,10,0,30
2951,0,38,4,12,40,10,0,20
2952,0,38,4,12,50,20,0,30
2953,0,38,4,13,0,30,10,20
2954,0,38,4,13,10,10,10,20
2955,0,38,4,13,20,20,10,20
2956,0,38,4,13,30,20,30,50
2957,0,38,4,13,40,0,30,30
2958,0,38,4,13,50,0,20,20
2959,0,38,4,14,0,20,0,20
2960,0,38,4,14,10,10,0,60
2961,0,38,4,14,20,0,0,50
2962,0,38,4,14,30,10,0,50
2963,0,38,4,14,40,10,0,20
2964,0,38,4,14,50,10,0,20
2965,0,38,4,15,0,10,0,20
2966,0,38,4,15,10,10,0,30
2967,0,38,4,15,20,10,0,10
2968,0,38,4,15,30,10,0,20
2969,0,38,4,15,40,30,0,20
2970,0,38,4,15,50,10,0,10
2971,0,38,4,16,0,20,0,30
2972,0,38,4,16,10,10,10,30
2973,0,38,4,16,20,10,0,20
2974,0,38,4,16,30,10,10,20
2975,0,38,4,16,40,10,10,20
2976,0,38,4,16,50,10,0,20
3367,0,39,0,10,0,10,0,20
3368,0,39,0,10,10,30,0,10
3369,0,39,0,10,20,30,0,30
3370,0,39,0,10,30,10,0,50
3371,0,39,0,10,40,20,0,30
3372,0,39,0,10,50,10,0,30
3373,0,39,0,11,0,0,0,50
3374,0,39,0,11,10,0,0,20
3375,0,39,0,11,20,0,0,50
3376,0,39,0,11,30,0,0,60
3377,0,39,0,11,40,10,0,50
3378,0,39,0,11,50,10,0,50
3379,0,39,0,12,0,0,0,30
3380,0,39,0,12,10,20,0,30
3381,0,39,0,12,20,20,0,50
3382,0,39,0,12,30,20,0,50
3383,0,39,0,12,40,0,0,30
3384,0,39,0,12,50,0,0,20
3385,0,39,0,13,0,0,0,30
3386,0,39,0,13,10,10,0,70
3387,0,39,0,13,20,20,0,100
3388,0,39,0,13,30,10,0,30
3389,0,39,0,13,40,10,0,30
3390,0,39,0,13,50,30,0,30
3391,0,39,0,14,0,10,0,50
3392,0,39,0,14,10,10,0,50
3393,0,39,0,14,20,10,0,50
3394,0,39,0,14,30,10,0,60
3395,0,39,0,14,40,10,0,50
3396,0,39,0,14,50,0,0,50
3397,0,39,0,15,0,10,0,30
3398,0,39,0,15,10,20,0,50
3399,0,39,0,15,20,10,0,50
3400,0,39,0,15,30,50,0,50
3401,0,39,0,15,40,50,0,70
3402,0,39,0,15,50,50,0,50
3403,0,39,0,16,0,50,0,50
3404,0,39,0,16,10,60,0,70
3405,0,39,0,16,20,50,0,60
3406,0,39,0,16,30,30,0,50
3407,0,39,0,16,40,50,0,50
3408,0,39,0,16,50,30,0,60
3511,0,39,1,10,0,20,20,30
3512,0,39,1,10,10,20,10,30
3513,0,39,1,10,20,30,30,50
3514,0,39,1,10,30,20,50,60
3515,0,39,1,10,40,20,30,20
3516,0,39,1,10,50,20,30,70
3517,0,39,1,11,0,20,50,60
3518,0,39,1,11,10,10,20,20
3519,0,39,1,11,20,30,50,20
3520,0,39,1,11,30,20,60,20
3521,0,39,1,11,40,30,50,0
3522,0,39,1,11,50,20,50,10
3523,0,39,1,12,0,20,30,0
3524,0,39,1,12,10,20,30,10
3525,0,39,1,12,20,20,50,10
3526,0,39,1,12,30,20,50,30
3527,0,39,1,12,40,20,30,30
3528,0,39,1,12,50,20,20,30
3529,0,39,1,13,0,20,30,50
3530,0,39,1,13,10,10,70,30
3531,0,39,1,13,20,10,100,20
3532,0,39,1,13,30,10,30,30
3533,0,39,1,13,40,10,30,50
3534,0,39,1,13,50,10,30,30
3535,0,39,1,14,0,10,50,30
3536,0,39,1,14,10,20,50,30
3537,0,39,1,14,20,10,50,20
3538,0,39,1,14,30,20,60,30
3539,0,39,1,14,40,0,50,30
3540,0,39,1,14,50,0,50,30
3541,0,39,1,15,0,30,30,30
3542,0,39,1,15,10,20,50,30
3543,0,39,1,15,20,20,50,30
3544,0,39,1,15,30,20,50,50
3545,0,39,1,15,40,20,70,50
3546,0,39,1,15,50,20,50,50
3547,0,39,1,16,0,10,50,50
3548,0,39,1,16,10,10,70,30
3549,0,39,1,16,20,10,60,60
3550,0,39,1,16,30,10,50,30
3551,0,39,1,16,40,10,50,20
3552,0,39,1,16,50,20,60,20
3655,0,39,2,10,0,30,30,60
3656,0,39,2,10,10,20,30,60
3657,0,39,2,10,20,20,50,50
3658,0,39,2,10,30,30,60,60
3659,0,39,2,10,40,30,20,30
3660,0,39,2,10,50,50,70,30
3661,0,39,2,11,0,50,60,50
3662,0,39,2,11,10,20,20,30
3663,0,39,2,11,20,20,20,30
3664,0,39,2,11,30,10,20,10
3665,0,39,2,11,40,10,0,50
3666,0,39,2,11,50,20,10,20
3667,0,39,2,12,0,20,0,20
3668,0,39,2,12,10,20,10,0
3669,0,39,2,12,20,20,10,0
3670,0,39,2,12,30,20,30,0
3671,0,39,2,12,40,10,30,0
3672,0,39,2,12,50,20,30,20
3673,0,39,2,13,0,20,50,10
3674,0,39,2,13,10,10,30,10
3675,0,39,2,13,20,10,20,20
3676,0,39,2,13,30,10,30,20
3677,0,39,2,13,40,30,50,20
3678,0,39,2,13,50,30,30,50
3679,0,39,2,14,0,30,30,20
3680,0,39,2,14,10,30,30,10
3681,0,39,2,14,20,20,20,10
3682,0,39,2,14,30,30,30,20
3683,0,39,2,14,40,20,30,50
3684,0,39,2,14,50,20,30,50
3685,0,39,2,15,0,20,30,30
3686,0,39,2,15,10,20,30,30
3687,0,39,2,15,20,20,30,20
3688,0,39,2,15,30,10,50,30
3689,0,39,2,15,40,10,50,10
3690,0,39,2,15,50,10,50,20
3691,0,39,2,16,0,20,50,10
3692,0,39,2,16,10,20,30,30
3693,0,39,2,16,20,10,60,20
3694,0,39,2,16,30,20,30,20
3695,0,39,2,16,40,20,20,30
3696,0,39,2,16,50,30,20,20
3799,0,39,3,10,0,10,60,10
3800,0,39,3,10,10,10,60,0
3801,0,39,3,10,20,20,50,0
3802,0,39,3,10,30,20,60,10
3803,0,39,3,10,40,20,30,60
3804,0,39,3,10,50,30,30,30
3805,0,39,3,11,0,30,50,30
3806,0,39,3,11,10,0,30,30
3807,0,39,3,11,20,20,30,10
3808,0,39,3,11,30,20,10,20
3809,0,39,3,11,40,20,50,20
3810,0,39,3,11,50,20,20,20
3811,0,39,3,12,0,0,20,10
3812,0,39,3,12,10,0,0,0
3813,0,39,3,12,20,0,0,0
3814,0,39,3,12,30,0,0,0
3815,0,39,3,12,40,0,0,20
3816,0,39,3,12,50,0,20,20
3817,0,39,3,13,0,10,10,10
3818,0,39,3,13,10,10,10,10
3819,0,39,3,13,20,10,20,10
3820,0,39,3,13,30,30,20,30
3821,0,39,3,13,40,30,20,10
3822,0,39,3,13,50,20,50,10
3823,0,39,3,14,0,0,20,10
3824,0,39,3,14,10,0,10,20
3825,0,39,3,14,20,0,10,20
3826,0,39,3,14,30,0,20,50
3827,0,39,3,14,40,0,50,30
3828,0,39,3,14,50,0,50,50
3829,0,39,3,15,0,0,30,50
3830,0,39,3,15,10,0,30,50
3831,0,39,3,15,20,0,20,50
3832,0,39,3,15,30,0,30,10
3833,0,39,3,15,40,0,10,30
3834,0,39,3,15,50,0,20,20
3835,0,39,3,16,0,0,10,20
3836,0,39,3,16,10,10,30,20
3837,0,39,3,16,20,0,20,30
3838,0,39,3,16,30,10,20,20
3839,0,39,3,16,40,10,30,20
3840,0,39,3,16,50,0,20,10
3943,0,39,4,10,0,20,10,0
3944,0,39,4,10,10,50,0,0
3945,0,39,4,10,20,30,0,0
3946,0,39,4,10,30,30,10,0
3947,0,39,4,10,40,20,60,0
3948,0,39,4,10,50,10,30,0
3949,0,39,4,11,0,20,30,0
3950,0,39,4,11,10,10,30,0
3951,0,39,4,11,20,20,10,0
3952,0,39,4,11,30,30,20,0
3953,0,39,4,11,40,20,20,0
3954,0,39,4,11,50,30,20,0
3955,0,39,4,12,0,30,10,0
3956,0,39,4,12,10,10,0,0
3957,0,39,4,12,20,30,0,0
3958,0,39,4,12,30,30,0,0
3959,0,39,4,12,40,20,20,0
3960,0,39,4,12,50,30,20,0
3961,0,39,4,13,0,20,10,0
3962,0,39,4,13,10,20,10,0
3963,0,39,4,13,20,20,10,0
3964,0,39,4,13,30,50,30,0
3965,0,39,4,13,40,30,10,0
3966,0,39,4,13,50,20,10,0
3967,0,39,4,14,0,20,10,0
3968,0,39,4,14,10,60,20,0
3969,0,39,4,14,20,50,20,0
3970,0,39,4,14,30,50,50,0
3971,0,39,4,14,40,20,30,0
3972,0,39,4,14,50,20,50,0
3973,0,39,4,15,0,20,50,0
3974,0,39,4,15,10,30,50,0
3975,0,39,4,15,20,10,50,0
3976,0,39,4,15,30,20,10,0
3977,0,39,4,15,40,20,30,0
3978,0,39,4,15,50,10,20,0
3979,0,39,4,16,0,30,20,0
3980,0,39,4,16,10,30,20,0
3981,0,39,4,16,20,20,30,0
3982,0,39,4,16,30,20,20,0
3983,0,39,4,16,40,20,20,0
3984,0,39,4,16,50,20,10,0
4375,0,40,0,10,0,20,10,50
4376,0,40,0,10,10,10,10,50
4377,0,40,0,10,20,30,10,20
4378,0,40,0,10,30,50,20,50
4379,0,40,0,10,40,30,20,30
4380,0,40,0,10,50,30,10,50
4381,0,40,0,11,0,50,10,20
4382,0,40,0,11,10,20,20,50
4383,0,40,0,11,20,50,20,50
4384,0,40,0,11,30,60,10,50
4385,0,40,0,11,40,50,30,60
4386,0,40,0,11,50,50,0,60
4387,0,40,0,12,0,30,0,80
4388,0,40,0,12,10,30,0,80
4389,0,40,0,12,20,50,10,60
4390,0,40,0,12,30,50,30,30
4391,0,40,0,12,40,30,20,60
4392,0,40,0,12,50,20,20,50
4393,0,40,0,13,0,30,30,50
4394,0,40,0,13,10,70,20,50
4395,0,40,0,13,20,100,20,30
4396,0,40,0,13,30,30,10,60
4397,0,40,0,13,40,30,20,70
4398,0,40,0,13,50,30,20,60
4399,0,40,0,14,0,50,20,60
4400,0,40,0,14,10,50,10,30
4401,0,40,0,14,20,50,10,30
4402,0,40,0,14,30,60,10,50
4403,0,40,0,14,40,50,20,60
4404,0,40,0,14,50,50,30,60
4405,0,40,0,15,0,30,20,50
4406,0,40,0,15,10,50,0,30
4407,0,40,0,15,20,50,10,60
4408,0,40,0,15,30,50,10,50
4409,0,40,0,15,40,70,30,50
4410,0,40,0,15,50,50,20,20
4411,0,40,0,16,0,50,10,30
4412,0,40,0,16,10,70,10,20
4413,0,40,0,16,20,60,10,20
4414,0,40,0,16,30,50,10,50
4415,0,40,0,16,40,50,10,30
4416,0,40,0,16,50,60,10,30
4519,0,40,1,10,0,30,50,30
4520,0,40,1,10,10,30,50,20
4521,0,40,1,10,20,50,20,20
4522,0,40,1,10,30,60,50,10
4523,0,40,1,10,40,20,30,10
4524,0,40,1,10,50,70,50,20
4525,0,40,1,11,0,60,20,20
4526,0,40,1,11,10,20,50,30
4527,0,40,1,11,20,20,50,20
4528,0,40,1,11,30,20,50,10
4529,0,40,1,11,40,0,60,20
4530,0,40,1,11,50,10,60,10
4531,0,40,1,12,0,0,80,10
4532,0,40,1,12,10,10,80,10
4533,0,40,1,12,20,10,60,20
4534,0,40,1,12,30,30,30,10
4535,0,40,1,12,40,30,60,20
4536,0,40,1,12,50,30,50,10
4537,0,40,1,13,0,50,50,20
4538,0,40,1,13,10,30,50,0
4539,0,40,1,13,20,20,30,10
4540,0,40,1,13,30,30,60,10
4541,0,40,1,13,40,50,70,10
4542,0,40,1,13,50,30,60,10
4543,0,40,1,14,0,30,60,20
4544,0,40,1,14,10,30,30,10
4545,0,40,1,14,20,20,30,10
4546,0,40,1,14,30,30,50,20
4547,0,40,1,14,40,30,60,20
4548,0,40,1,14,50,30,60,20
4549,0,40,1,15,0,30,50,10
4550,0,40,1,15,10,30,30,10
4551,0,40,1,15,20,30,60,20
4552,0,40,1,15,30,50,50,10
4553,0,40,1,15,40,50,50,10
4554,0,40,1,15,50,50,20,20
4555,0,40,1,16,0,50,30,30
4556,0,40,1,16,10,30,20,10
4557,0,40,1,16,20,60,20,20
4558,0,40,1,16,30,30,50,20
4559,0,40,1,16,40,20,30,10
4560,0,40,1,16,50,20,30,20
4663,0,40,2,10,0,60,30,20
4664,0,40,2,10,10,60,20,10
4665,0,40,2,10,20,50,20,20
4666,0,40,2,10,30,60,10,50
4667,0,40,2,10,40,30,10,30
4668,0,40,2,10,50,30,20,50
4669,0,40,2,11,0,50,20,60
4670,0,40,2,11,10,30,30,20
4671,0,40,2,11,20,30,20,10
4672,0,40,2,11,30,10,10,30
4673,0,40,2,11,40,50,20,30
4674,0,40,2,11,50,20,10,30
4675,0,40,2,12,0,20,10,30
4676,0,40,2,12,10,0,10,10
4677,0,40,2,12,20,0,20,20
4678,0,40,2,12,30,0,10,10
4679,0,40,2,12,40,0,20,20
4680,0,40,2,12,50,20,10,20
4681,0,40,2,13,0,10,20,30
4682,0,40,2,13,10,10,0,20
4683,0,40,2,13,20,20,10,20
4684,0,40,2,13,30,20,10,20
4685,0,40,2,13,40,20,10,20
4686,0,40,2,13,50,50,10,10
4687,0,40,2,14,0,20,20,10
4688,0,40,2,14,10,10,10,20
4689,0,40,2,14,20,10,10,20
4690,0,40,2,14,30,20,20,30
4691,0,40,2,14,40,50,20,20
4692,0,40,2,14,50,50,20,20
4693,0,40,2,15,0,30,10,30
4694,0,40,2,15,10,30,10,50
4695,0,40,2,15,20,20,20,50
4696,0,40,2,15,30,30,10,20
4697,0,40,2,15,40,10,10,30
4698,0,40,2,15,50,20,20,30
4699,0,40,2,16,0,10,30,30
4700,0,40,2,16,10,30,10,50
4701,0,40,2,16,20,20,20,20
4702,0,40,2,16,30,20,20,20
4703,0,40,2,16,40,30,10,20
4704,0,40,2,16,50,20,20,50
4807,0,40,3,10,0,10,20,50
4808,0,40,3,10,10,0,10,60
4809,0,40,3,10,20,0,20,70
4810,0,40,3,10,30,10,50,30
4811,0,40,3,10,40,60,30,30
4812,0,40,3,10,50,30,50,50
4813,0,40,3,11,0,30,60,20
4814,0,40,3,11,10,30,20,20
4815,0,40,3,11,20,10,10,10
4816,0,40,3,11,30,20,30,20
4817,0,40,3,11,40,20,30,10
4818,0,40,3,11,50,20,30,30
4819,0,40,3,12,0,10,30,30
4820,0,40,3,12,10,0,10,30
4821,0,40,3,12,20,0,20,50
4822,0,40,3,12,30,0,10,60
4823,0,40,3,12,40,20,20,30
4824,0,40,3,12,50,20,20,20
4825,0,40,3,13,0,10,30,30
4826,0,40,3,13,10,10,20,30
4827,0,40,3,13,20,10,20,30
4828,0,40,3,13,30,30,20,70
4829,0,40,3,13,40,10,20,60
4830,0,40,3,13,50,10,10,70
4831,0,40,3,14,0,10,10,20
4832,0,40,3,14,10,20,20,20
4833,0,40,3,14,20,20,20,50
4834,0,40,3,14,30,50,30,60
4835,0,40,3,14,40,30,20,30
4836,0,40,3,14,50,50,20,50
4837,0,40,3,15,0,50,30,60
4838,0,40,3,15,10,50,50,30
4839,0,40,3,15,20,50,50,50
4840,0,40,3,15,30,10,20,50
4841,0,40,3,15,40,30,30,50
4842,0,40,3,15,50,20,30,60
4843,0,40,3,16,0,20,30,60
4844,0,40,3,16,10,20,50,50
4845,0,40,3,16,20,30,20,20
4846,0,40,3,16,30,20,20,50
4847,0,40,3,16,40,20,20,50
4848,0,40,3,16,50,10,50,30
4951,0,40,4,10,0,0,50,10
4952,0,40,4,10,10,0,60,10
4953,0,40,4,10,20,0,70,10
4954,0,40,4,10,30,0,30,20
4955,0,40,4,10,40,0,30,20
4956,0,40,4,10,50,0,50,10
4957,0,40,4,11,0,0,20,10
4958,0,40,4,11,10,0,20,20
4959,0,40,4,11,20,0,10,20
4960,0,40,4,11,30,0,20,10
4961,0,40,4,11,40,0,10,30
4962,0,40,4,11,50,0,30,0
4963,0,40,4,12,0,0,30,0
4964,0,40,4,12,10,0,30,0
4965,0,40,4,12,20,0,50,10
4966,0,40,4,12,30,0,60,30
4967,0,40,4,12,40,0,30,20
4968,0,40,4,12,50,0,20,20
4969,0,40,4,13,0,0,30,30
4970,0,40,4,13,10,0,30,20
4971,0,40,4,13,20,0,30,20
4972,0,40,4,13,30,0,70,10
4973,0,40,4,13,40,0,60,20
4974,0,40,4,13,50,0,70,20
4975,0,40,4,14,0,0,20,20
4976,0,40,4,14,10,0,20,10
4977,0,40,4,14,20,0,50,10
4978,0,40,4,14,30,0,60,10
4979,0,40,4,14,40,0,30,20
4980,0,40,4,14,50,0,50,30
4981,0,40,4,15,0,0,60,20
4982,0,40,4,15,10,0,30,0
4983,0,40,4,15,20,0,50,10
4984,0,40,4,15,30,0,50,10
4985,0,40,4,15,40,0,50,30
4986,0,40,4,15,50,0,60,20
4987,0,40,4,16,0,0,60,10
4988,0,40,4,16,10,0,50,10
4989,0,40,4,16,20,0,20,10
4990,0,40,4,16,30,0,50,10
4991,0,40,4,16,40,0,50,10
4992,0,40,4,16,50,0,30,10
5325,1,34,2,10,0,30,40,30
5326,1,34,2,10,10,30,50,30
5327,1,34,2,10,20,30,50,50
5328,1,34,2,10,30,50,10,30
5329,1,34,2,10,40,50,10,30
5330,1,34,2,10,50,50,30,30
5331,1,34,2,11,0,30,40,30
5332,1,34,2,11,10,30,50,30
5333,1,34,2,11,20,10,60,30
5334,1,34,2,11,30,10,60,30
5335,1,34,2,11,40,20,40,0
5336,1,34,2,11,50,30,40,0
5337,1,34,2,12,0,50,30,30
5338,1,34,2,12,10,50,0,30
5339,1,34,2,12,20,50,10,50
5340,1,34,2,12,30,30,30,30
5341,1,34,2,12,40,50,50,30
5342,1,34,2,12,50,50,20,30
5343,1,34,2,13,0,30,20,0
5344,1,34,2,13,10,30,10,0
5345,1,34,2,13,20,30,20,0
5346,1,34,2,13,30,30,30,10
5347,1,34,2,13,40,10,80,10
5348,1,34,2,13,50,80,80,50
5349,1,34,2,14,0,80,50,30
5350,1,34,2,14,10,50,40,0
5351,1,34,2,14,20,60,40,30
5352,1,34,2,14,30,70,70,30
5353,1,34,2,14,40,30,80,0
5354,1,34,2,14,50,30,60,0
5355,1,34,2,15,0,30,60,0
5356,1,34,2,15,10,30,40,10
5357,1,34,2,15,20,30,30,10
5358,1,34,2,15,30,30,20,20
5359,1,34,2,15,40,30,10,30
5360,1,34,2,15,50,30,40,30
5361,1,34,2,16,0,30,30,30
5362,1,34,2,16,10,10,50,0
5363,1,34,2,16,20,10,60,0
5364,1,34,2,16,30,50,30,30
5365,1,34,2,16,40,10,30,30
5366,1,34,2,16,50,30,40,10
5466,1,34,3,10,0,30,30,10
5467,1,34,3,10,10,50,30,10
5468,1,34,3,10,20,50,50,30
5469,1,34,3,10,30,10,30,10
5470,1,34,3,10,40,30,30,10
5471,1,34,3,10,50,30,30,10
5472,1,34,3,11,0,10,30,10
5473,1,34,3,11,10,10,30,30
5474,1,34,3,11,20,0,30,30
5475,1,34,3,11,30,0,30,30
5476,1,34,3,11,40,0,0,30
5477,1,34,3,11,50,10,0,30
5478,1,34,3,12,0,30,30,60
5479,1,34,3,12,10,10,30,30
5480,1,34,3,12,20,0,50,30
5481,1,34,3,12,30,0,30,30
5482,1,34,3,12,40,30,30,30
5483,1,34,3,12,50,50,30,60
5484,1,34,3,13,0,10,0,80
5485,1,34,3,13,10,10,0,10
5486,1,34,3,13,20,10,0,10
5487,1,34,3,13,30,30,10,30
5488,1,34,3,13,40,30,10,30
5489,1,34,3,13,50,10,50,50
5490,1,34,3,14,0,10,30,50
5491,1,34,3,14,10,10,0,30
5492,1,34,3,14,20,30,30,30
5493,1,34,3,14,30,10,30,30
5494,1,34,3,14,40,10,0,50
5495,1,34,3,14,50,10,0,30
5496,1,34,3,15,0,30,0,10
5497,1,34,3,15,10,20,10,10
5498,1,34,3,15,20,10,10,10
5499,1,34,3,15,30,0,20,30
5500,1,34,3,15,40,10,30,30
5501,1,34,3,15,50,0,30,0
5502,1,34,3,16,0,10,30,0
5503,1,34,3,16,10,30,0,0
5504,1,34,3,16,20,10,0,0
5505,1,34,3,16,30,30,30,10
5506,1,34,3,16,40,50,30,10
5507,1,34,3,16,50,20,10,30
5610,1,34,4,10,0,10,10,10
5611,1,34,4,10,10,30,10,0
5612,1,34,4,10,20,50,30,0
5613,1,34,4,10,30,0,10,0
5614,1,34,4,10,40,0,10,0
5615,1,34,4,10,50,0,10,20
5616,1,34,4,11,0,0,10,10
5617,1,34,4,11,10,0,30,0
5618,1,34,4,11,20,0,30,0
5619,1,34,4,11,30,0,30,0
5620,1,34,4,11,40,10,30,0
5621,1,34,4,11,50,0,30,0
5622,1,34,4,12,0,30,60,0
5623,1,34,4,12,10,10,30,10
5624,1,34,4,12,20,30,30,0
5625,1,34,4,12,30,0,30,10
5626,1,34,4,12,40,0,30,10
5627,1,34,4,12,50,0,60,30
5628,1,34,4,13,0,30,80,30
5629,1,34,4,13,10,50,10,30
5630,1,34,4,13,20,10,10,50
5631,1,34,4,13,30,30,30,50
5632,1,34,4,13,40,30,30,30
5633,1,34,4,13,50,10,50,30
5634,1,34,4,14,0,50,50,30
5635,1,34,4,14,10,30,30,10
5636,1,34,4,14,20,30,30,30
5637,1,34,4,14,30,10,30,30
5638,1,34,4,14,40,50,50,30
5639,1,34,4,14,50,10,30,30
5640,1,34,4,15,0,60,10,0
5641,1,34,4,15,10,80,10,0
5642,1,34,4,15,20,60,10,0
5643,1,34,4,15,30,30,30,0
5644,1,34,4,15,40,30,30,0
5645,1,34,4,15,50,30,0,0
5646,1,34,4,16,0,50,0,10
5647,1,34,4,16,10,10,0,10
5648,1,34,4,16,20,30,0,30
5649,1,34,4,16,30,100,10,0
5650,1,34,4,16,40,60,10,10
5651,1,34,4,16,50,60,30,10
6042,1,35,0,10,0,30,80,0
6043,1,35,0,10,10,30,50,10
6044,1,35,0,10,20,60,50,30
6045,1,35,0,10,30,20,50,30
6046,1,35,0,10,40,30,30,10
6047,1,35,0,10,50,10,50,30
6048,1,35,0,11,0,0,30,30
6049,1,35,0,11,10,0,10,30
6050,1,35,0,11,20,30,0,0
6051,1,35,0,11,30,30,0,0
6052,1,35,0,11,40,50,10,0
6053,1,35,0,11,50,50,30,0
6054,1,35,0,12,0,30,0,30
6055,1,35,0,12,10,40,0,10
6056,1,35,0,12,20,30,30,30
6057,1,35,0,12,30,20,10,30
6058,1,35,0,12,40,20,30,10
6059,1,35,0,12,50,20,10,30
6060,1,35,0,13,0,30,30,10
6061,1,35,0,13,10,30,50,30
6062,1,35,0,13,20,40,50,10
6063,1,35,0,13,30,50,30,10
6064,1,35,0,13,40,40,30,10
6065,1,35,0,13,50,80,30,0
6066,1,35,0,14,0,60,0,0
6067,1,35,0,14,10,60,0,0
6068,1,35,0,15,10,50,30,30
6069,1,35,0,15,20,30,30,10
6070,1,35,0,15,30,20,30,30
6071,1,35,0,15,40,60,10,0
6072,1,35,0,15,50,40,10,0
6073,1,35,0,16,0,50,30,0
6074,1,35,0,16,10,60,50,10
6075,1,35,0,16,20,60,50,0
6076,1,35,0,16,30,50,10,0
6077,1,35,0,16,40,40,10,0
6078,1,35,0,16,50,20,20,0
6181,1,35,1,10,0,40,0,0
6182,1,35,1,10,10,50,10,0
6183,1,35,1,10,20,50,30,0
6184,1,35,1,10,30,10,30,0
6185,1,35,1,10,40,10,10,0
6186,1,35,1,10,50,30,30,0
6187,1,35,1,11,0,40,30,0
6188,1,35,1,11,10,50,30,0
6189,1,35,1,11,20,60,0,0
6190,1,35,1,11,30,60,0,0
6191,1,35,1,11,40,40,0,10
6192,1,35,1,11,50,40,0,0
6193,1,35,1,12,0,30,30,0
6194,1,35,1,12,10,0,10,0
6195,1,35,1,12,20,10,30,0
6196,1,35,1,12,30,30,30,0
6197,1,35,1,12,40,50,10,10
6198,1,35,1,12,50,20,30,10
6199,1,35,1,13,0,20,10,0
6200,1,35,1,13,10,10,30,0
6201,1,35,1,13,20,20,10,0
6202,1,35,1,13,30,30,10,10
6203,1,35,1,13,40,80,10,10
6204,1,35,1,13,50,80,0,10
6205,1,35,1,14,0,50,0,0
6206,1,35,1,14,10,40,0,0
6207,1,35,1,14,20,40,0,0
6208,1,35,1,14,30,70,0,0
6209,1,35,1,14,40,80,10,0
6210,1,35,1,14,50,60,10,0
6211,1,35,1,15,0,60,30,10
6212,1,35,1,15,10,40,30,0
6213,1,35,1,15,20,30,10,0
6214,1,35,1,15,30,20,30,0
6215,1,35,1,15,40,10,0,10
6216,1,35,1,15,50,40,0,10
6217,1,35,1,16,0,30,0,10
6218,1,35,1,16,10,50,10,0
6219,1,35,1,16,20,60,0,0
6220,1,35,1,16,30,30,0,0
6221,1,35,1,16,40,30,0,10
6222,1,35,1,16,50,40,0,0
6322,1,35,2,10,0,30,0,0
6323,1,35,2,10,10,30,0,0
6324,1,35,2,10,20,50,0,0
6325,1,35,2,10,30,30,0,0
6326,1,35,2,10,40,30,0,0
6327,1,35,2,10,50,30,0,0
6328,1,35,2,11,0,30,0,0
6329,1,35,2,11,10,30,0,0
6330,1,35,2,11,20,30,0,0
6331,1,35,2,11,30,30,0,0
6332,1,35,2,11,40,0,10,10
6333,1,35,2,11,50,0,0,0
6334,1,35,2,12,0,30,0,0
6335,1,35,2,12,10,30,0,10
6336,1,35,2,12,20,50,0,10
6337,1,35,2,12,30,30,0,0
6338,1,35,2,12,40,30,10,0
6339,1,35,2,12,50,30,10,0
6340,1,35,2,13,0,0,0,30
6341,1,35,2,13,10,0,0,10
6342,1,35,2,13,20,0,0,10
6343,1,35,2,13,30,10,10,30
6344,1,35,2,13,40,10,10,30
6345,1,35,2,13,50,50,10,0
6346,1,35,2,14,0,30,0,0
6347,1,35,2,14,10,0,0,0
6348,1,35,2,14,20,30,0,0
6349,1,35,2,14,30,30,0,0
6350,1,35,2,14,40,0,0,0
6351,1,35,2,14,50,0,0,10
6352,1,35,2,15,0,0,10,10
6353,1,35,2,15,10,10,0,0
6354,1,35,2,15,20,10,0,10
6355,1,35,2,15,30,20,0,0
6356,1,35,2,15,40,30,10,0
6357,1,35,2,15,50,30,10,0
6358,1,35,2,16,0,30,10,0
6359,1,35,2,16,10,0,0,0
6360,1,35,2,16,20,0,0,0
6361,1,35,2,16,30,30,0,0
6362,1,35,2,16,40,30,10,30
6363,1,35,2,16,50,10,0,20
6466,1,35,3,10,0,10,0,0
6467,1,35,3,10,10,10,0,0
6468,1,35,3,10,20,30,0,10
6469,1,35,3,10,30,10,0,10
6470,1,35,3,10,40,10,0,0
6471,1,35,3,10,50,10,0,10
6472,1,35,3,11,0,10,0,0
6473,1,35,3,11,10,30,0,0
6474,1,35,3,11,20,30,0,0
6475,1,35,3,11,30,30,0,50
6476,1,35,3,11,40,30,10,10
6477,1,35,3,11,50,30,0,10
6478,1,35,3,12,0,60,0,10
6479,1,35,3,12,10,30,10,50
6480,1,35,3,12,20,30,10,50
6481,1,35,3,12,30,30,0,60
6482,1,35,3,12,40,30,0,50
6483,1,35,3,12,50,60,0,30
6484,1,35,3,13,0,80,30,50
6485,1,35,3,13,10,10,10,80
6486,1,35,3,13,20,10,10,30
6487,1,35,3,13,30,30,30,60
6488,1,35,3,13,40,30,30,50
6489,1,35,3,13,50,50,0,30
6490,1,35,3,14,0,50,0,30
6491,1,35,3,14,10,30,0,30
6492,1,35,3,14,20,30,0,30
6493,1,35,3,14,30,30,0,30
6494,1,35,3,14,40,50,0,30
6495,1,35,3,14,50,30,10,30
6496,1,35,3,15,0,10,10,50
6497,1,35,3,15,10,10,0,30
6498,1,35,3,15,20,10,10,30
6499,1,35,3,15,30,30,0,30
6500,1,35,3,15,40,30,0,10
6501,1,35,3,15,50,0,0,30
6502,1,35,3,16,0,0,0,30
6503,1,35,3,16,10,0,0,10
6504,1,35,3,16,20,0,0,10
6505,1,35,3,16,30,10,0,10
6506,1,35,3,16,40,10,30,10
6507,1,35,3,16,50,30,20,10
6610,1,35,4,10,0,10,0,80
6611,1,35,4,10,10,0,0,50
6612,1,35,4,10,20,0,10,50
6613,1,35,4,10,30,0,10,50
6614,1,35,4,10,40,0,0,30
6615,1,35,4,10,50,20,10,50
6616,1,35,4,11,0,10,0,30
6617,1,35,4,11,10,0,0,10
6618,1,35,4,11,20,0,0,0
6619,1,35,4,11,30,0,50,0
6620,1,35,4,11,40,0,10,10
6621,1,35,4,11,50,0,10,30
6622,1,35,4,12,0,0,10,0
6623,1,35,4,12,10,10,50,0
6624,1,35,4,12,20,0,50,30
6625,1,35,4,12,30,10,60,10
6626,1,35,4,12,40,10,50,30
6627,1,35,4,12,50,30,30,10
6628,1,35,4,13,0,30,50,30
6629,1,35,4,13,10,30,80,50
6630,1,35,4,13,20,50,30,50
6631,1,35,4,13,30,50,60,30
6632,1,35,4,13,40,30,50,30
6633,1,35,4,13,50,30,30,30
6634,1,35,4,14,0,30,30,0
6635,1,35,4,14,10,10,30,0
6636,1,35,4,15,10,0,30,30
6637,1,35,4,15,20,0,30,30
6638,1,35,4,15,30,0,30,30
6639,1,35,4,15,40,0,10,10
6640,1,35,4,15,50,0,30,10
6641,1,35,4,16,0,10,30,30
6642,1,35,4,16,10,10,10,50
6643,1,35,4,16,20,30,10,50
6644,1,35,4,16,30,0,10,10
6645,1,35,4,16,40,10,10,10
6646,1,35,4,16,50,10,10,20
6972,1,38,2,15,50,10,0,0
6973,1,38,2,16,0,30,0,0
6974,1,38,2,16,10,30,0,0
6975,1,38,2,16,20,10,0,0
6976,1,38,2,16,30,10,0,0
6977,1,38,2,16,40,50,0,0
6978,1,38,2,16,50,30,0,0
7081,1,38,3,10,0,0,30,60
7082,1,38,3,10,10,10,50,30
7083,1,38,3,10,20,30,30,10
7084,1,38,3,10,30,10,50,10
7085,1,38,3,10,40,0,10,10
7086,1,38,3,10,50,10,30,10
7087,1,38,3,11,0,0,30,10
7088,1,38,3,11,10,0,10,0
7089,1,38,3,11,20,0,10,0
7090,1,38,3,11,30,0,30,0
7091,1,38,3,11,40,0,0,0
7092,1,38,3,11,50,0,10,0
7093,1,38,3,12,0,0,10,0
7094,1,38,3,12,10,60,30,0
7095,1,38,3,12,20,30,30,0
7096,1,38,3,12,30,50,0,0
7097,1,38,3,12,40,30,0,0
7098,1,38,3,12,50,80,10,10
7099,1,38,3,13,0,50,10,0
7100,1,38,3,13,10,30,10,0
7101,1,38,3,13,20,50,10,0
7102,1,38,3,13,30,50,10,10
7103,1,38,3,13,40,50,0,30
7104,1,38,3,13,50,60,0,30
7105,1,38,3,14,0,80,0,50
7106,1,38,3,14,10,60,0,0
7107,1,38,3,14,20,50,0,10
7108,1,38,3,14,30,30,0,10
7109,1,38,3,14,40,0,0,10
7110,1,38,3,14,50,0,0,30
7111,1,38,3,15,0,10,0,10
7112,1,38,3,15,10,10,0,0
7113,1,38,3,15,20,10,0,50
7114,1,38,3,15,30,10,0,10
7115,1,38,3,15,40,0,0,0
7116,1,38,3,15,50,0,0,0
7117,1,38,3,16,0,10,0,30
7118,1,38,3,16,10,10,0,30
7119,1,38,3,16,20,10,0,30
7120,1,38,3,16,30,10,0,30
7121,1,38,3,16,40,0,0,30
7122,1,38,3,16,50,30,0,10
7225,1,38,4,10,0,10,60,30
7226,1,38,4,10,10,0,30,30
7227,1,38,4,10,20,0,10,30
7228,1,38,4,10,30,0,10,30
7229,1,38,4,10,40,0,10,0
7230,1,38,4,10,50,0,10,10
7231,1,38,4,11,0,10,10,30
7232,1,38,4,11,10,10,0,10
7233,1,38,4,11,20,10,0,10
7234,1,38,4,11,30,0,0,30
7235,1,38,4,11,40,30,0,30
7236,1,38,4,11,50,10,0,30
7237,1,38,4,12,0,10,0,10
7238,1,38,4,12,10,0,0,10
7239,1,38,4,12,20,0,0,10
7240,1,38,4,12,30,0,0,10
7241,1,38,4,12,40,30,0,10
7242,1,38,4,12,50,30,10,30
7243,1,38,4,13,0,50,0,0
7244,1,38,4,13,10,10,0,0
7245,1,38,4,13,20,30,0,0
7246,1,38,4,13,30,30,10,0
7247,1,38,4,13,40,50,30,0
7248,1,38,4,13,50,10,30,10
7249,1,38,4,14,0,30,50,30
7250,1,38,4,14,10,10,0,30
7251,1,38,4,14,20,10,10,30
7252,1,38,4,14,30,50,10,30
7253,1,38,4,14,40,50,10,50
7254,1,38,4,14,50,30,30,10
7255,1,38,4,15,0,30,10,10
7256,1,38,4,15,10,50,0,30
7257,1,38,4,15,20,50,50,10
7258,1,38,4,15,30,50,10,10
7259,1,38,4,15,40,0,0,30
7260,1,38,4,15,50,30,0,30
7261,1,38,4,16,0,30,30,30
7262,1,38,4,16,10,50,30,10
7263,1,38,4,16,20,50,30,0
7264,1,38,4,16,30,30,30,0
7265,1,38,4,16,40,0,30,0
7266,1,38,4,16,50,0,10,0
7657,1,39,0,10,0,10,0,30
7658,1,39,0,10,10,0,0,30
7659,1,39,0,10,20,0,0,30
7660,1,39,0,10,30,10,0,30
7661,1,39,0,10,40,10,0,30
7662,1,39,0,10,50,0,0,30
7663,1,39,0,11,0,10,0,30
7664,1,39,0,11,10,10,0,30
7665,1,39,0,11,20,0,0,30
7666,1,39,0,11,30,0,0,30
7667,1,39,0,11,40,0,0,30
7668,1,39,0,11,50,10,30,0
7669,1,39,0,12,0,10,10,0
7670,1,39,0,12,10,0,10,0
7671,1,39,0,12,20,0,0,50
7672,1,39,0,12,30,10,0,30
7673,1,39,0,12,40,0,0,30
7674,1,39,0,12,50,10,0,30
7675,1,39,0,13,0,0,0,0
7676,1,39,0,13,10,0,0,0
7677,1,39,0,13,20,10,0,0
7678,1,39,0,13,30,10,0,0
7679,1,39,0,13,40,10,0,0
7680,1,39,0,13,50,0,0,0
7681,1,39,0,14,0,10,0,0
7682,1,39,0,14,10,10,0,0
7683,1,39,0,14,20,0,0,0
7684,1,39,0,14,30,0,0,10
7685,1,39,0,14,40,10,0,10
7686,1,39,0,14,50,0,0,30
7687,1,39,0,15,0,10,0,30
7688,1,39,0,15,10,0,0,30
7689,1,39,0,15,20,0,0,50
7690,1,39,0,15,30,30,0,30
7691,1,39,0,15,40,10,0,30
7692,1,39,0,15,50,10,0,10
7693,1,39,0,16,0,30,0,0
7694,1,39,0,16,10,30,0,0
7695,1,39,0,16,20,10,0,0
7696,1,39,0,16,30,10,0,0
7697,1,39,0,16,40,30,0,0
7698,1,39,0,16,50,10,0,0
7801,1,39,1,10,0,0,30,10
7802,1,39,1,10,10,30,30,50
7803,1,39,1,10,20,10,30,50
7804,1,39,1,10,30,10,30,60
7805,1,39,1,10,40,10,30,60
7806,1,39,1,10,50,0,30,50
7807,1,39,1,11,0,10,30,60
7808,1,39,1,11,10,0,30,10
7809,1,39,1,11,20,10,30,10
7810,1,39,1,11,30,0,30,30
7811,1,39,1,11,40,0,30,30
7812,1,39,1,11,50,10,0,50
7813,1,39,1,12,0,0,0,50
7814,1,39,1,12,10,10,0,50
7815,1,39,1,12,20,10,50,30
7816,1,39,1,12,30,10,30,10
7817,1,39,1,12,40,0,30,30
7818,1,39,1,12,50,0,30,30
7819,1,39,1,13,0,10,0,30
7820,1,39,1,13,10,10,0,30
7821,1,39,1,13,20,10,0,10
7822,1,39,1,13,30,30,0,30
7823,1,39,1,13,40,30,0,30
7824,1,39,1,13,50,30,0,30
7825,1,39,1,14,0,30,0,30
7826,1,39,1,14,10,0,0,50
7827,1,39,1,14,20,0,0,30
7828,1,39,1,14,30,0,10,10
7829,1,39,1,14,40,50,10,30
7830,1,39,1,14,50,30,30,30
7831,1,39,1,15,0,30,30,50
7832,1,39,1,15,10,30,30,30
7833,1,39,1,15,20,10,50,30
7834,1,39,1,15,30,30,30,30
7835,1,39,1,15,40,30,30,30
7836,1,39,1,15,50,0,10,0
7837,1,39,1,16,0,0,0,10
7838,1,39,1,16,10,0,0,30
7839,1,39,1,16,20,0,0,30
7840,1,39,1,16,30,0,0,50
7841,1,39,1,16,40,0,0,60
7842,1,39,1,16,50,0,0,30
7945,1,39,2,10,0,30,10,50
7946,1,39,2,10,10,50,50,0
7947,1,39,2,10,20,30,50,0
7948,1,39,2,10,30,50,60,50
7949,1,39,2,10,40,10,60,30
7950,1,39,2,10,50,30,50,30
7951,1,39,2,11,0,30,60,10
7952,1,39,2,11,10,10,10,30
7953,1,39,2,11,20,10,10,10
7954,1,39,2,11,30,30,30,30
7955,1,39,2,11,40,0,30,0
7956,1,39,2,11,50,10,50,0
7957,1,39,2,12,0,10,50,30
7958,1,39,2,12,10,30,50,50
7959,1,39,2,12,20,30,30,30
7960,1,39,2,12,30,0,10,0
7961,1,39,2,12,40,0,30,30
7962,1,39,2,12,50,10,30,30
7963,1,39,2,13,0,10,30,30
7964,1,39,2,13,10,10,30,0
7965,1,39,2,13,20,10,10,0
7966,1,39,2,13,30,10,30,10
7967,1,39,2,13,40,0,30,0
7968,1,39,2,13,50,0,30,10
7969,1,39,2,14,0,0,30,0
7970,1,39,2,14,10,0,50,0
7971,1,39,2,14,20,0,30,0
7972,1,39,2,14,30,0,10,0
7973,1,39,2,14,40,0,30,0
7974,1,39,2,14,50,0,30,0
7975,1,39,2,15,0,0,50,0
7976,1,39,2,15,10,0,30,10
7977,1,39,2,15,20,0,30,10
7978,1,39,2,15,30,0,30,50
7979,1,39,2,15,40,0,30,30
7980,1,39,2,15,50,0,0,10
7981,1,39,2,16,0,0,10,60
7982,1,39,2,16,10,0,30,10
7983,1,39,2,16,20,0,30,50
7984,1,39,2,16,30,0,50,30
7985,1,39,2,16,40,0,60,10
7986,1,39,2,16,50,0,30,10
8089,1,39,3,10,0,60,50,10
8090,1,39,3,10,10,30,0,0
8091,1,39,3,10,20,10,0,0
8092,1,39,3,10,30,10,50,50
8093,1,39,3,10,40,10,30,60
8094,1,39,3,10,50,10,30,50
8095,1,39,3,11,0,10,10,60
8096,1,39,3,11,10,0,30,0
8097,1,39,3,11,20,0,10,0
8098,1,39,3,11,30,0,30,0
8099,1,39,3,11,40,0,0,0
8100,1,39,3,11,50,0,0,0
8101,1,39,3,12,0,0,30,10
8102,1,39,3,12,10,0,50,10
8103,1,39,3,12,20,0,30,30
8104,1,39,3,12,30,0,0,10
8105,1,39,3,12,40,0,30,50
8106,1,39,3,12,50,10,30,50
8107,1,39,3,13,0,0,30,50
8108,1,39,3,13,10,0,0,50
8109,1,39,3,13,20,0,0,30
8110,1,39,3,13,30,10,10,50
8111,1,39,3,13,40,30,0,50
8112,1,39,3,13,50,30,10,50
8113,1,39,3,14,0,50,0,50
8114,1,39,3,14,10,0,0,0
8115,1,39,3,14,20,10,0,0
8116,1,39,3,14,30,10,0,0
8117,1,39,3,14,40,10,0,0
8118,1,39,3,14,50,30,0,0
8119,1,39,3,15,0,10,0,50
8120,1,39,3,15,10,0,10,30
8121,1,39,3,15,20,50,10,10
8122,1,39,3,15,30,10,50,30
8123,1,39,3,15,40,0,30,60
8124,1,39,3,15,50,0,10,50
8125,1,39,3,16,0,30,60,30
8126,1,39,3,16,10,30,10,30
8127,1,39,3,16,20,30,50,30
8128,1,39,3,16,30,30,30,30
8129,1,39,3,16,40,30,10,30
8130,1,39,3,16,50,10,10,30
8233,1,39,4,10,0,30,10,0
8234,1,39,4,10,10,30,0,0
8235,1,39,4,10,20,30,0,0
8236,1,39,4,10,30,30,50,0
8237,1,39,4,10,40,0,60,0
8238,1,39,4,10,50,10,50,0
8239,1,39,4,11,0,30,60,0
8240,1,39,4,11,10,10,0,0
8241,1,39,4,11,20,10,0,0
8242,1,39,4,11,30,30,0,0
8243,1,39,4,11,40,30,0,0
8244,1,39,4,11,50,30,0,30
8245,1,39,4,12,0,10,10,10
8246,1,39,4,12,10,10,10,10
8247,1,39,4,12,20,10,30,0
8248,1,39,4,12,30,10,10,0
8249,1,39,4,12,40,10,50,0
8250,1,39,4,12,50,30,50,0
8251,1,39,4,13,0,0,50,0
8252,1,39,4,13,10,0,50,0
8253,1,39,4,13,20,0,30,0
8254,1,39,4,13,30,0,50,0
8255,1,39,4,13,40,0,50,0
8256,1,39,4,13,50,10,50,0
8257,1,39,4,14,0,30,50,0
8258,1,39,4,14,10,30,0,0
8259,1,39,4,14,20,30,0,0
8260,1,39,4,14,30,30,0,0
8261,1,39,4,14,40,50,0,0
8262,1,39,4,14,50,10,0,0
8263,1,39,4,15,0,10,50,0
8264,1,39,4,15,10,30,30,0
8265,1,39,4,15,20,10,10,0
8266,1,39,4,15,30,10,30,0
8267,1,39,4,15,40,30,60,0
8268,1,39,4,15,50,30,50,0
8269,1,39,4,16,0,30,30,0
8270,1,39,4,16,10,10,30,0
8271,1,39,4,16,20,0,30,0
8272,1,39,4,16,30,0,30,0
8273,1,39,4,16,40,0,30,0
8274,1,39,4,16,50,0,30,0
8665,1,40,0,10,0,30,30,10
8666,1,40,0,10,10,30,30,30
8667,1,40,0,10,20,30,80,30
8668,1,40,0,10,30,30,60,50
8669,1,40,0,10,40,30,80,50
8670,1,40,0,10,50,30,50,50
8671,1,40,0,11,0,30,50,50
8672,1,40,0,11,10,30,0,10
8673,1,40,0,11,20,30,30,30
8674,1,40,0,11,30,30,30,50
8675,1,40,0,11,40,30,30,50
8676,1,40,0,11,50,0,60,50
8677,1,40,0,12,0,0,30,10
8678,1,40,0,12,10,0,30,0
8679,1,40,0,12,20,50,30,10
8680,1,40,0,12,30,30,60,0
8681,1,40,0,12,40,30,50,10
8682,1,40,0,12,50,30,50,10
8683,1,40,0,13,0,0,30,10
8684,1,40,0,13,10,0,10,10
8685,1,40,0,13,20,0,50,10
8686,1,40,0,13,30,0,50,30
8687,1,40,0,13,40,0,30,30
8688,1,40,0,13,50,0,10,50
8689,1,40,0,14,0,0,10,50
8690,1,40,0,14,10,0,50,50
8691,1,40,0,14,20,0,30,30
8692,1,40,0,14,30,10,10,50
8693,1,40,0,14,40,10,50,50
8694,1,40,0,14,50,30,30,30
8695,1,40,0,15,0,30,50,50
8696,1,40,0,15,10,30,60,50
8697,1,40,0,15,20,50,60,30
8698,1,40,0,15,30,30,60,50
8699,1,40,0,15,40,30,50,10
8700,1,40,0,15,50,10,50,30
8701,1,40,0,16,0,0,30,30
8702,1,40,0,16,10,0,30,30
8703,1,40,0,16,20,0,30,50
8704,1,40,0,16,30,0,30,10
8705,1,40,0,16,40,0,10,10
8706,1,40,0,16,50,0,10,0
8809,1,40,1,10,0,10,10,0
8810,1,40,1,10,10,50,30,0
8811,1,40,1,10,20,50,30,30
8812,1,40,1,10,30,60,50,30
8813,1,40,1,10,40,60,50,30
8814,1,40,1,10,50,50,50,30
8815,1,40,1,11,0,60,50,10
8816,1,40,1,11,10,10,10,10
8817,1,40,1,11,20,10,30,10
8818,1,40,1,11,30,30,50,0
8819,1,40,1,11,40,30,50,0
8820,1,40,1,11,50,50,50,0
8821,1,40,1,12,0,50,10,30
8822,1,40,1,12,10,50,0,30
8823,1,40,1,12,20,30,10,30
8824,1,40,1,12,30,10,0,30
8825,1,40,1,12,40,30,10,30
8826,1,40,1,12,50,30,10,30
8827,1,40,1,13,0,30,10,30
8828,1,40,1,13,10,30,10,10
8829,1,40,1,13,20,10,10,30
8830,1,40,1,13,30,30,30,30
8831,1,40,1,13,40,30,30,30
8832,1,40,1,13,50,30,50,30
8833,1,40,1,14,0,30,50,30
8834,1,40,1,14,10,50,50,30
8835,1,40,1,14,20,30,30,30
8836,1,40,1,14,30,10,50,0
8837,1,40,1,14,40,30,50,30
8838,1,40,1,14,50,30,30,30
8839,1,40,1,15,0,50,50,30
8840,1,40,1,15,10,30,50,0
8841,1,40,1,15,20,30,30,0
8842,1,40,1,15,30,30,50,0
8843,1,40,1,15,40,30,10,0
8844,1,40,1,15,50,0,30,0
8845,1,40,1,16,0,10,30,10
8846,1,40,1,16,10,30,30,0
8847,1,40,1,16,20,30,50,0
8848,1,40,1,16,30,50,10,0
8849,1,40,1,16,40,60,10,0
8850,1,40,1,16,50,30,0,0
8953,1,40,2,10,0,50,0,0
8954,1,40,2,10,10,0,0,0
8955,1,40,2,10,20,0,30,10
8956,1,40,2,10,30,50,30,10
8957,1,40,2,10,40,30,30,0
8958,1,40,2,10,50,30,30,0
8959,1,40,2,11,0,10,10,0
8960,1,40,2,11,10,30,10,0
8961,1,40,2,11,20,10,10,0
8962,1,40,2,11,30,30,0,0
8963,1,40,2,11,40,0,0,10
8964,1,40,2,11,50,0,0,0
8965,1,40,2,12,0,30,30,0
8966,1,40,2,12,10,50,30,0
8967,1,40,2,12,20,30,30,10
8968,1,40,2,12,30,0,30,10
8969,1,40,2,12,40,30,30,0
8970,1,40,2,12,50,30,30,0
8971,1,40,2,13,0,30,30,10
8972,1,40,2,13,10,0,10,0
8973,1,40,2,13,20,0,30,0
8974,1,40,2,13,30,10,30,0
8975,1,40,2,13,40,0,30,0
8976,1,40,2,13,50,10,30,0
8977,1,40,2,14,0,0,30,0
8978,1,40,2,14,10,0,30,0
8979,1,40,2,14,20,0,30,0
8980,1,40,2,14,30,0,0,10
8981,1,40,2,14,40,0,30,10
8982,1,40,2,14,50,0,30,0
8983,1,40,2,15,0,0,30,10
8984,1,40,2,15,10,10,0,10
8985,1,40,2,15,20,10,0,10
8986,1,40,2,15,30,50,0,0
8987,1,40,2,15,40,30,0,0
8988,1,40,2,15,50,10,0,0
8989,1,40,2,16,0,60,10,0
8990,1,40,2,16,10,10,0,0
8991,1,40,2,16,20,50,0,0
8992,1,40,2,16,30,30,0,0
8993,1,40,2,16,40,10,0,0
8994,1,40,2,16,50,10,0,30
9097,1,40,3,10,0,10,0,50
9098,1,40,3,10,10,0,0,30
9099,1,40,3,10,20,0,10,50
9100,1,40,3,10,30,50,10,80
9101,1,40,3,10,40,60,0,80
9102,1,40,3,10,50,50,0,50
9103,1,40,3,11,0,60,0,30
9104,1,40,3,11,10,0,0,30
9105,1,40,3,11,20,0,0,0
9106,1,40,3,11,30,0,0,30
9107,1,40,3,11,40,0,10,50
9108,1,40,3,11,50,0,0,50
9109,1,40,3,12,0,10,0,50
9110,1,40,3,12,10,10,0,60
9111,1,40,3,12,20,30,10,50
9112,1,40,3,12,30,10,10,60
9113,1,40,3,12,40,50,0,60
9114,1,40,3,12,50,50,0,60
9115,1,40,3,13,0,50,10,60
9116,1,40,3,13,10,50,0,50
9117,1,40,3,13,20,30,0,80
9118,1,40,3,13,30,50,0,60
9119,1,40,3,13,40,50,0,60
9120,1,40,3,13,50,50,0,60
9121,1,40,3,14,0,50,0,50
9122,1,40,3,14,10,0,0,0
9123,1,40,3,14,20,0,0,10
9124,1,40,3,14,30,0,10,50
9125,1,40,3,14,40,0,10,50
9126,1,40,3,14,50,0,0,60
9127,1,40,3,15,0,50,10,50
9128,1,40,3,15,10,30,10,30
9129,1,40,3,15,20,10,10,50
9130,1,40,3,15,30,30,0,0
9131,1,40,3,15,40,60,0,0
9132,1,40,3,15,50,50,0,0
9133,1,40,3,16,0,30,0,0
9134,1,40,3,16,10,30,0,0
9135,1,40,3,16,20,30,0,0
9136,1,40,3,16,30,30,0,10
9137,1,40,3,16,40,30,0,10
9138,1,40,3,16,50,30,30,30
9241,1,40,4,10,0,0,50,30
9242,1,40,4,10,10,0,30,30
9243,1,40,4,10,20,0,50,80
9244,1,40,4,10,30,0,80,60
9245,1,40,4,10,40,0,80,80
9246,1,40,4,10,50,0,50,50
9247,1,40,4,11,0,0,30,50
9248,1,40,4,11,10,0,30,0
9249,1,40,4,11,20,0,0,30
9250,1,40,4,11,30,0,30,30
9251,1,40,4,11,40,0,50,30
9252,1,40,4,11,50,30,50,60
9253,1,40,4,12,0,10,50,30
9254,1,40,4,12,10,10,60,30
9255,1,40,4,12,20,0,50,30
9256,1,40,4,12,30,0,60,60
9257,1,40,4,12,40,0,60,50
9258,1,40,4,12,50,0,60,50
9259,1,40,4,13,0,0,60,30
9260,1,40,4,13,10,0,50,10
9261,1,40,4,13,20,0,80,50
9262,1,40,4,13,30,0,60,50
9263,1,40,4,13,40,0,60,30
9264,1,40,4,13,50,0,60,10
9265,1,40,4,14,0,0,50,10
9266,1,40,4,14,10,0,0,50
9267,1,40,4,14,20,0,10,30
9268,1,40,4,14,30,0,50,10
9269,1,40,4,14,40,0,50,50
9270,1,40,4,14,50,0,60,30
9271,1,40,4,15,0,0,50,50
9272,1,40,4,15,10,0,30,60
9273,1,40,4,15,20,0,50,60
9274,1,40,4,15,30,0,0,60
9275,1,40,4,15,40,0,0,50
9276,1,40,4,15,50,0,0,50
9277,1,40,4,16,0,0,0,30
9278,1,40,4,16,10,0,0,30
9279,1,40,4,16,20,0,0,30
9280,1,40,4,16,30,0,10,30
9281,1,40,4,16,40,0,10,10
9282,1,40,4,16,50,0,30,10
9714,2,34,1,10,0,0,60,20
9715,2,34,1,10,10,0,70,20
9716,2,34,1,10,20,0,60,40
9717,2,34,1,10,30,0,80,0
9718,2,34,1,10,40,0,80,0
9719,2,34,1,10,50,0,40,20
9720,2,34,1,11,0,0,50,20
9721,2,34,1,11,10,100,40,20
9722,2,34,1,11,20,0,60,0
9723,2,34,1,11,30,100,80,20
9724,2,34,1,11,40,0,60,20
9725,2,34,1,11,50,0,40,40
9726,2,34,1,12,0,0,60,40
9727,2,34,1,12,10,100,80,20
9728,2,34,1,12,20,0,0,20
9729,2,34,1,12,30,0,0,50
9730,2,34,1,12,40,0,0,40
9731,2,34,1,12,50,0,20,20
9732,2,34,1,13,0,0,20,60
9733,2,34,1,13,10,0,20,60
9734,2,34,1,13,20,0,30,60
9735,2,34,1,13,30,100,100,100
9736,2,34,1,13,40,100,80,100
9737,2,34,1,13,50,100,100,60
9738,2,34,1,14,0,0,60,80
9739,2,34,1,14,10,100,20,60
9740,2,34,1,14,20,0,20,60
9741,2,34,1,14,30,0,20,70
9742,2,34,1,14,40,0,60,40
9743,2,34,1,14,50,0,60,40
9744,2,34,1,15,0,0,60,50
9745,2,34,1,15,10,0,100,50
9746,2,34,1,15,20,0,60,60
9747,2,34,1,15,30,0,60,50
9748,2,34,1,15,40,0,50,40
9749,2,34,1,15,50,0,50,20
9750,2,34,1,16,0,100,40,20
9751,2,34,1,16,10,100,40,30
9752,2,34,1,16,20,100,60,40
9753,2,34,1,16,30,100,20,60
9754,2,34,1,16,40,100,20,70
9755,2,34,1,16,50,100,60,60
9855,2,34,2,10,0,40,20,0
9856,2,34,2,10,10,60,20,0
9857,2,34,2,10,20,40,40,20
9858,2,34,2,10,30,20,0,60
9859,2,34,2,10,40,40,0,40
9860,2,34,2,10,50,40,20,40
9861,2,34,2,11,0,60,20,40
9862,2,34,2,11,10,0,20,40
9863,2,34,2,11,20,20,0,40
9864,2,34,2,11,30,20,20,20
9865,2,34,2,11,40,20,20,40
9866,2,34,2,11,50,20,40,40
9867,2,34,2,12,0,60,40,0
9868,2,34,2,12,10,40,20,20
9869,2,34,2,12,20,20,20,0
9870,2,34,2,12,30,40,50,0
9871,2,34,2,12,40,40,40,0
9872,2,34,2,12,50,20,20,0
9873,2,34,2,13,0,40,60,0
9874,2,34,2,13,10,40,60,20
9875,2,34,2,13,20,60,60,20
9876,2,34,2,13,30,60,100,40
9877,2,34,2,13,40,20,100,20
9878,2,34,2,13,50,0,60,20
9879,2,34,2,14,0,0,80,40
9880,2,34,2,14,10,0,60,40
9881,2,34,2,14,20,20,60,40
9882,2,34,2,14,30,0,70,40
9883,2,34,2,14,40,0,40,60
9884,2,34,2,14,50,0,40,60
9885,2,34,2,15,0,60,50,60
9886,2,34,2,15,10,40,50,40
9887,2,34,2,15,20,40,60,20
9888,2,34,2,15,30,40,50,40
9889,2,34,2,15,40,60,40,20
9890,2,34,2,15,50,40,20,20
9891,2,34,2,16,0,60,20,0
9892,2,34,2,16,10,40,30,20
9893,2,34,2,16,20,20,40,0
9894,2,34,2,16,30,40,60,20
9895,2,34,2,16,40,60,70,20
9896,2,34,2,16,50,100,60,0
9996,2,34,3,10,0,0,0,20
9997,2,34,3,10,10,0,0,20
9998,2,34,3,10,20,20,20,20
9999,2,34,3,10,30,40,60,20
10000,2,34,3,10,40,20,40,20
10001,2,34,3,10,50,20,40,20
10002,2,34,3,11,0,20,40,40
10003,2,34,3,11,10,20,40,40
10004,2,34,3,11,20,20,40,20
10005,2,34,3,11,30,20,20,0
10006,2,34,3,11,40,20,40,0
10007,2,34,3,11,50,40,40,0
10008,2,34,3,12,0,20,0,0
10009,2,34,3,12,10,40,20,20
10010,2,34,3,12,20,20,0,20
10011,2,34,3,12,30,60,0,20
10012,2,34,3,12,40,60,0,20
10013,2,34,3,12,50,20,0,0
10014,2,34,3,13,0,20,0,40
10015,2,34,3,13,10,20,20,20
10016,2,34,3,13,20,20,20,40
10017,2,34,3,13,30,20,40,80
10018,2,34,3,13,40,60,20,60
10019,2,34,3,13,50,40,20,60
10020,2,34,3,14,0,20,40,40
10021,2,34,3,14,10,40,40,40
10022,2,34,3,14,20,0,40,50
10023,2,34,3,14,30,0,40,20
10024,2,34,3,14,40,0,60,60
10025,2,34,3,14,50,0,60,40
10026,2,34,3,15,0,40,60,60
10027,2,34,3,15,10,40,40,60
10028,2,34,3,15,20,20,20,40
10029,2,34,3,15,30,60,40,40
10030,2,34,3,15,40,100,20,40
10031,2,34,3,15,50,40,20,40
10032,2,34,3,16,0,20,0,20
10033,2,34,3,16,10,20,20,20
10034,2,34,3,16,20,0,0,40
10035,2,34,3,16,30,0,20,40
10036,2,34,3,16,40,0,20,60
10037,2,34,3,16,50,0,0,40
10140,2,34,4,10,0,0,20,0
10141,2,34,4,10,10,0,20,0
10142,2,34,4,10,20,0,20,0
10143,2,34,4,10,30,20,20,0
10144,2,34,4,10,40,40,20,0
10145,2,34,4,10,50,40,20,0
10146,2,34,4,11,0,40,40,0
10147,2,34,4,11,10,40,40,20
10148,2,34,4,11,20,40,20,20
10149,2,34,4,11,30,20,0,20
10150,2,34,4,11,40,40,0,20
10151,2,34,4,11,50,20,0,20
10152,2,34,4,12,0,20,0,20
10153,2,34,4,12,10,20,20,20
10154,2,34,4,12,20,20,20,20
10155,2,34,4,12,30,20,20,20
10156,2,34,4,12,40,20,20,20
10157,2,34,4,12,50,20,0,20
10158,2,34,4,13,0,40,40,20
10159,2,34,4,13,10,40,20,20
10160,2,34,4,13,20,40,40,20
10161,2,34,4,13,30,40,80,20
10162,2,34,4,13,40,60,60,20
10163,2,34,4,13,50,80,60,0
10164,2,34,4,14,0,60,40,0
10165,2,34,4,14,10,20,40,40
10166,2,34,4,14,20,20,50,40
10167,2,34,4,14,30,40,20,20
10168,2,34,4,14,40,40,60,20
10169,2,34,4,14,50,40,40,20
10170,2,34,4,15,0,40,60,20
10171,2,34,4,15,10,40,60,20
10172,2,34,4,15,20,40,40,20
10173,2,34,4,15,30,60,40,20
10174,2,34,4,15,40,80,40,20
10175,2,34,4,15,50,60,40,20
10176,2,34,4,16,0,40,20,20
10177,2,34,4,16,10,60,20,20
10178,2,34,4,16,20,70,40,20
10179,2,34,4,16,30,60,40,20
10180,2,34,4,16,40,40,60,20
10181,2,34,4,16,50,40,40,20
10572,2,35,0,10,0,60,80,60
10573,2,35,0,10,10,70,80,60
10574,2,35,0,10,20,60,40,20
10575,2,35,0,10,30,80,40,20
10576,2,35,0,10,40,80,40,20
10577,2,35,0,10,50,40,60,20
10578,2,35,0,11,0,50,60,20
10579,2,35,0,11,10,40,60,40
10580,2,35,0,11,20,60,60,20
10581,2,35,0,11,30,80,40,20
10582,2,35,0,11,40,60,60,20
10583,2,35,0,11,50,40,40,40
10584,2,35,0,12,0,60,40,60
10585,2,35,0,12,10,80,40,40
10586,2,35,0,12,20,0,40,20
10587,2,35,0,12,30,0,40,20
10588,2,35,0,12,40,0,40,20
10589,2,35,0,12,50,20,60,40
10590,2,35,0,13,0,20,60,20
10591,2,35,0,13,10,20,40,20
10592,2,35,0,13,20,30,40,20
10593,2,35,0,13,30,100,20,20
10594,2,35,0,13,40,80,40,40
10595,2,35,0,13,50,100,40,40
10596,2,35,0,14,0,60,20,40
10597,2,35,0,14,10,20,0,40
10598,2,35,0,15,10,100,20,40
10599,2,35,0,15,20,60,20,40
10600,2,35,0,15,30,60,20,40
10601,2,35,0,15,40,50,20,20
10602,2,35,0,15,50,50,20,20
10603,2,35,0,16,0,40,40,20
10604,2,35,0,16,10,40,20,20
10605,2,35,0,16,20,60,40,20
10606,2,35,0,16,30,20,40,20
10607,2,35,0,16,40,20,20,60
10608,2,35,0,16,50,60,20,20
10711,2,35,1,10,0,20,60,20
10712,2,35,1,10,10,20,60,40
10713,2,35,1,10,20,40,20,20
10714,2,35,1,10,30,0,20,20
10715,2,35,1,10,40,0,20,20
10716,2,35,1,10,50,20,20,20
10717,2,35,1,11,0,20,20,20
10718,2,35,1,11,10,20,40,20
10719,2,35,1,11,20,0,20,20
10720,2,35,1,11,30,20,20,20
10721,2,35,1,11,40,20,20,0
10722,2,35,1,11,50,40,40,0
10723,2,35,1,12,0,40,60,40
10724,2,35,1,12,10,20,40,60
10725,2,35,1,12,20,20,20,40
10726,2,35,1,12,30,50,20,40
10727,2,35,1,12,40,40,20,40
10728,2,35,1,12,50,20,40,40
10729,2,35,1,13,0,60,20,40
10730,2,35,1,13,10,60,20,20
10731,2,35,1,13,20,60,20,20
10732,2,35,1,13,30,100,20,60
10733,2,35,1,13,40,100,40,60
10734,2,35,1,13,50,60,40,60
10735,2,35,1,14,0,80,40,40
10736,2,35,1,14,10,60,40,80
10737,2,35,1,14,20,60,40,60
10738,2,35,1,14,30,70,40,40
10739,2,35,1,14,40,40,40,20
10740,2,35,1,14,50,40,40,40
10741,2,35,1,15,0,50,40,60
10742,2,35,1,15,10,50,40,80
10743,2,35,1,15,20,60,40,80
10744,2,35,1,15,30,50,40,40
10745,2,35,1,15,40,40,20,60
10746,2,35,1,15,50,20,20,40
10747,2,35,1,16,0,20,20,80
10748,2,35,1,16,10,30,20,60
10749,2,35,1,16,20,40,20,40
10750,2,35,1,16,30,60,20,40
10751,2,35,1,16,40,70,60,60
10752,2,35,1,16,50,60,20,60
10852,2,35,2,10,0,0,20,0
10853,2,35,2,10,10,0,40,0
10854,2,35,2,10,20,20,20,20
10855,2,35,2,10,30,60,20,20
10856,2,35,2,10,40,40,20,20
10857,2,35,2,10,50,40,20,20
10858,2,35,2,11,0,40,20,20
10859,2,35,2,11,10,40,20,20
10860,2,35,2,11,20,40,20,20
10861,2,35,2,11,30,20,20,30
10862,2,35,2,11,40,40,0,20
10863,2,35,2,11,50,40,0,20
10864,2,35,2,12,0,0,40,0
10865,2,35,2,12,10,20,60,0
10866,2,35,2,12,20,0,40,0
10867,2,35,2,12,30,0,40,0
10868,2,35,2,12,40,0,40,0
10869,2,35,2,12,50,0,40,40
10870,2,35,2,13,0,0,40,40
10871,2,35,2,13,10,20,20,40
10872,2,35,2,13,20,20,20,40
10873,2,35,2,13,30,40,60,20
10874,2,35,2,13,40,20,60,20
10875,2,35,2,13,50,20,60,20
10876,2,35,2,14,0,40,40,20
10877,2,35,2,14,10,40,80,20
10878,2,35,2,14,20,40,60,20
10879,2,35,2,14,30,40,40,20
10880,2,35,2,14,40,60,20,20
10881,2,35,2,14,50,60,40,20
10882,2,35,2,15,0,60,60,40
10883,2,35,2,15,10,40,80,20
10884,2,35,2,15,20,20,80,20
10885,2,35,2,15,30,40,40,40
10886,2,35,2,15,40,20,60,40
10887,2,35,2,15,50,20,40,40
10888,2,35,2,16,0,0,80,20
10889,2,35,2,16,10,20,60,40
10890,2,35,2,16,20,0,40,40
10891,2,35,2,16,30,20,40,40
10892,2,35,2,16,40,20,60,40
10893,2,35,2,16,50,0,60,40
10996,2,35,3,10,0,20,0,0
10997,2,35,3,10,10,20,0,0
10998,2,35,3,10,20,20,20,20
10999,2,35,3,10,30,20,20,20
11000,2,35,3,10,40,20,20,20
11001,2,35,3,10,50,20,20,20
11002,2,35,3,11,0,40,20,0
11003,2,35,3,11,10,40,20,0
11004,2,35,3,11,20,20,20,0
11005,2,35,3,11,30,0,30,0
11006,2,35,3,11,40,0,20,0
11007,2,35,3,11,50,0,20,0
11008,2,35,3,12,0,0,0,0
11009,2,35,3,12,10,20,0,20
11010,2,35,3,12,20,20,0,0
11011,2,35,3,12,30,20,0,0
11012,2,35,3,12,40,20,0,20
11013,2,35,3,12,50,0,40,20
11014,2,35,3,13,0,40,40,20
11015,2,35,3,13,10,20,40,20
11016,2,35,3,13,20,40,40,40
11017,2,35,3,13,30,80,20,20
11018,2,35,3,13,40,60,20,40
11019,2,35,3,13,50,60,20,20
11020,2,35,3,14,0,40,20,0
11021,2,35,3,14,10,40,20,20
11022,2,35,3,14,20,50,20,20
11023,2,35,3,14,30,20,20,20
11024,2,35,3,14,40,60,20,0
11025,2,35,3,14,50,40,20,0
11026,2,35,3,15,0,60,40,0
11027,2,35,3,15,10,60,20,0
11028,2,35,3,15,20,40,20,0
11029,2,35,3,15,30,40,40,0
11030,2,35,3,15,40,40,40,0
11031,2,35,3,15,50,40,40,0
11032,2,35,3,16,0,20,20,0
11033,2,35,3,16,10,20,40,0
11034,2,35,3,16,20,40,40,0
11035,2,35,3,16,30,40,40,0
11036,2,35,3,16,40,60,40,0
11037,2,35,3,16,50,40,40,0
11140,2,35,4,10,0,0,0,80
11141,2,35,4,10,10,0,0,80
11142,2,35,4,10,20,0,20,40
11143,2,35,4,10,30,0,20,40
11144,2,35,4,10,40,0,20,40
11145,2,35,4,10,50,0,20,60
11146,2,35,4,11,0,0,0,60
11147,2,35,4,11,10,20,0,60
11148,2,35,4,11,20,20,0,60
11149,2,35,4,11,30,20,0,40
11150,2,35,4,11,40,20,0,60
11151,2,35,4,11,50,20,0,40
11152,2,35,4,12,0,20,0,40
11153,2,35,4,12,10,20,20,40
11154,2,35,4,12,20,20,0,40
11155,2,35,4,12,30,20,0,40
11156,2,35,4,12,40,20,20,40
11157,2,35,4,12,50,20,20,60
11158,2,35,4,13,0,20,20,60
11159,2,35,4,13,10,20,20,40
11160,2,35,4,13,20,20,40,40
11161,2,35,4,13,30,20,20,20
11162,2,35,4,13,40,20,40,40
11163,2,35,4,13,50,0,20,40
11164,2,35,4,14,0,0,0,20
11165,2,35,4,14,10,40,20,0
11166,2,35,4,15,10,20,0,20
11167,2,35,4,15,20,20,0,20
11168,2,35,4,15,30,20,0,20
11169,2,35,4,15,40,20,0,20
11170,2,35,4,15,50,20,0,20
11171,2,35,4,16,0,20,0,40
11172,2,35,4,16,10,20,0,20
11173,2,35,4,16,20,20,0,40
11174,2,35,4,16,30,20,0,40
11175,2,35,4,16,40,20,0,20
11176,2,35,4,16,50,20,0,20
11502,2,38,2,15,50,20,20,20
11503,2,38,2,16,0,40,20,40
11504,2,38,2,16,10,40,20,20
11505,2,38,2,16,20,40,20,20
11506,2,38,2,16,30,20,0,20
11507,2,38,2,16,40,20,20,20
11508,2,38,2,16,50,20,20,40
11611,2,38,3,10,0,60,40,40
11612,2,38,3,10,10,20,60,40
11613,2,38,3,10,20,40,40,20
11614,2,38,3,10,30,60,40,40
11615,2,38,3,10,40,40,0,20
11616,2,38,3,10,50,40,0,20
11617,2,38,3,11,0,60,0,20
11618,2,38,3,11,10,40,0,40
11619,2,38,3,11,20,20,0,40
11620,2,38,3,11,30,40,0,40
11621,2,38,3,11,40,60,20,40
11622,2,38,3,11,50,80,40,40
11623,2,38,3,12,0,40,20,40
11624,2,38,3,12,10,40,0,40
11625,2,38,3,12,20,40,0,0
11626,2,38,3,12,30,20,0,20
11627,2,38,3,12,40,40,20,20
11628,2,38,3,12,50,80,40,20
11629,2,38,3,13,0,80,20,0
11630,2,38,3,13,10,60,20,20
11631,2,38,3,13,20,40,20,20
11632,2,38,3,13,30,20,40,40
11633,2,38,3,13,40,20,40,20
11634,2,38,3,13,50,20,40,20
11635,2,38,3,14,0,40,40,20
11636,2,38,3,14,10,60,0,20
11637,2,38,3,14,20,60,0,20
11638,2,38,3,14,30,60,0,40
11639,2,38,3,14,40,80,0,40
11640,2,38,3,14,50,80,0,40
11641,2,38,3,15,0,40,20,20
11642,2,38,3,15,10,40,0,20
11643,2,38,3,15,20,60,0,40
11644,2,38,3,15,30,40,20,0
11645,2,38,3,15,40,40,20,20
11646,2,38,3,15,50,40,20,80
11647,2,38,3,16,0,80,40,60
11648,2,38,3,16,10,80,20,20
11649,2,38,3,16,20,60,20,20
11650,2,38,3,16,30,60,20,20
11651,2,38,3,16,40,40,20,20
11652,2,38,3,16,50,60,40,0
11755,2,38,4,10,0,0,40,60
11756,2,38,4,10,10,0,40,40
11757,2,38,4,10,20,0,20,40
11758,2,38,4,10,30,0,40,40
11759,2,38,4,10,40,20,20,60
11760,2,38,4,10,50,0,20,40
11761,2,38,4,11,0,0,20,40
11762,2,38,4,11,10,40,40,40
11763,2,38,4,11,20,40,40,40
11764,2,38,4,11,30,0,40,20
11765,2,38,4,11,40,20,40,20
11766,2,38,4,11,50,0,40,40
11767,2,38,4,12,0,0,40,40
11768,2,38,4,12,10,0,40,60
11769,2,38,4,12,20,0,0,40
11770,2,38,4,12,30,0,20,20
11771,2,38,4,12,40,0,20,0
11772,2,38,4,12,50,20,20,0
11773,2,38,4,13,0,40,0,40
11774,2,38,4,13,10,40,20,40
11775,2,38,4,13,20,40,20,40
11776,2,38,4,13,30,20,40,40
11777,2,38,4,13,40,60,20,20
11778,2,38,4,13,50,60,20,20
11779,2,38,4,14,0,20,20,20
11780,2,38,4,14,10,20,20,60
11781,2,38,4,14,20,0,20,40
11782,2,38,4,14,30,0,40,40
11783,2,38,4,14,40,0,40,40
11784,2,38,4,14,50,0,40,20
11785,2,38,4,15,0,0,20,20
11786,2,38,4,15,10,40,20,40
11787,2,38,4,15,20,40,40,20
11788,2,38,4,15,30,60,0,40
11789,2,38,4,15,40,60,20,60
11790,2,38,4,15,50,60,80,80
11791,2,38,4,16,0,60,60,60
11792,2,38,4,16,10,60,20,20
11793,2,38,4,16,20,60,20,40
11794,2,38,4,16,30,40,20,20
11795,2,38,4,16,40,40,20,20
11796,2,38,4,16,50,60,0,20
12187,2,39,0,10,0,60,0,60
12188,2,39,0,10,10,60,0,80
12189,2,39,0,10,20,60,0,80
12190,2,39,0,10,30,60,0,80
12191,2,39,0,10,40,60,0,40
12192,2,39,0,10,50,40,0,60
12193,2,39,0,11,0,40,0,60
12194,2,39,0,11,10,20,0,60
12195,2,39,0,11,20,20,0,60
12196,2,39,0,11,30,20,0,40
12197,2,39,0,11,40,20,0,80
12198,2,39,0,11,50,0,0,60
12199,2,39,0,12,0,0,0,60
12200,2,39,0,12,10,0,0,40
12201,2,39,0,12,20,40,0,20
12202,2,39,0,12,30,20,0,20
12203,2,39,0,12,40,40,0,20
12204,2,39,0,12,50,40,0,40
12205,2,39,0,13,0,20,0,80
12206,2,39,0,13,10,40,0,60
12207,2,39,0,13,20,40,0,60
12208,2,39,0,13,30,60,0,60
12209,2,39,0,13,40,20,0,40
12210,2,39,0,13,50,40,0,20
12211,2,39,0,14,0,60,0,60
12212,2,39,0,14,10,60,0,40
12213,2,39,0,14,20,40,0,60
12214,2,39,0,14,30,40,0,60
12215,2,39,0,14,40,40,0,80
12216,2,39,0,14,50,60,0,60
12217,2,39,0,15,0,80,0,60
12218,2,39,0,15,10,60,0,40
12219,2,39,0,15,20,80,0,40
12220,2,39,0,15,30,40,0,20
12221,2,39,0,15,40,40,0,20
12222,2,39,0,15,50,20,0,40
12223,2,39,0,16,0,20,0,40
12224,2,39,0,16,10,0,0,40
12225,2,39,0,16,20,0,0,40
12226,2,39,0,16,30,20,0,20
12227,2,39,0,16,40,0,0,40
12228,2,39,0,16,50,0,0,20
12331,2,39,1,10,0,20,60,60
12332,2,39,1,10,10,40,80,80
12333,2,39,1,10,20,40,80,80
12334,2,39,1,10,30,60,80,100
12335,2,39,1,10,40,60,40,40
12336,2,39,1,10,50,20,60,40
12337,2,39,1,11,0,20,60,40
12338,2,39,1,11,10,0,60,20
12339,2,39,1,11,20,20,60,60
12340,2,39,1,11,30,0,40,20
12341,2,39,1,11,40,0,80,60
12342,2,39,1,11,50,0,60,40
12343,2,39,1,12,0,0,60,80
12344,2,39,1,12,10,40,40,60
12345,2,39,1,12,20,60,20,60
12346,2,39,1,12,30,20,20,80
12347,2,39,1,12,40,20,20,80
12348,2,39,1,12,50,40,40,60
12349,2,39,1,13,0,60,80,40
12350,2,39,1,13,10,60,60,60
12351,2,39,1,13,20,60,60,40
12352,2,39,1,13,30,20,60,40
12353,2,39,1,13,40,40,40,60
12354,2,39,1,13,50,20,20,40
12355,2,39,1,14,0,20,60,80
12356,2,39,1,14,10,20,40,40
12357,2,39,1,14,20,20,60,80
12358,2,39,1,14,30,20,60,80
12359,2,39,1,14,40,20,80,80
12360,2,39,1,14,50,20,60,80
12361,2,39,1,15,0,20,60,60
12362,2,39,1,15,10,40,40,60
12363,2,39,1,15,20,80,40,60
12364,2,39,1,15,30,20,20,60
12365,2,39,1,15,40,20,20,60
12366,2,39,1,15,50,20,40,60
12367,2,39,1,16,0,20,40,60
12368,2,39,1,16,10,20,40,60
12369,2,39,1,16,20,20,40,60
12370,2,39,1,16,30,0,20,60
12371,2,39,1,16,40,20,40,40
12372,2,39,1,16,50,20,20,60
12475,2,39,2,10,0,40,60,40
12476,2,39,2,10,10,60,80,40
12477,2,39,2,10,20,40,80,20
12478,2,39,2,10,30,40,100,20
12479,2,39,2,10,40,0,40,40
12480,2,39,2,10,50,0,40,60
12481,2,39,2,11,0,0,40,40
12482,2,39,2,11,10,0,20,40
12483,2,39,2,11,20,0,60,40
12484,2,39,2,11,30,0,20,40
12485,2,39,2,11,40,20,60,40
12486,2,39,2,11,50,40,40,40
12487,2,39,2,12,0,20,80,60
12488,2,39,2,12,10,0,60,40
12489,2,39,2,12,20,0,60,20
12490,2,39,2,12,30,0,80,20
12491,2,39,2,12,40,20,80,0
12492,2,39,2,12,50,40,60,0
12493,2,39,2,13,0,20,40,0
12494,2,39,2,13,10,20,60,0
12495,2,39,2,13,20,20,40,20
12496,2,39,2,13,30,40,40,0
12497,2,39,2,13,40,40,60,0
12498,2,39,2,13,50,40,40,20
12499,2,39,2,14,0,40,80,40
12500,2,39,2,14,10,0,40,40
12501,2,39,2,14,20,0,80,20
12502,2,39,2,14,30,0,80,0
12503,2,39,2,14,40,0,80,20
12504,2,39,2,14,50,0,80,40
12505,2,39,2,15,0,20,60,40
12506,2,39,2,15,10,0,60,80
12507,2,39,2,15,20,0,60,20
12508,2,39,2,15,30,20,60,40
12509,2,39,2,15,40,20,60,40
12510,2,39,2,15,50,20,60,40
12511,2,39,2,16,0,40,60,40
12512,2,39,2,16,10,20,60,40
12513,2,39,2,16,20,20,60,20
12514,2,39,2,16,30,20,60,0
12515,2,39,2,16,40,20,40,40
12516,2,39,2,16,50,40,60,20
12619,2,39,3,10,0,40,40,60
12620,2,39,3,10,10,40,40,20
12621,2,39,3,10,20,20,20,20
12622,2,39,3,10,30,40,20,20
12623,2,39,3,10,40,20,40,20
12624,2,39,3,10,50,20,60,20
12625,2,39,3,11,0,20,40,40
12626,2,39,3,11,10,40,40,20
12627,2,39,3,11,20,40,40,40
12628,2,39,3,11,30,40,40,40
12629,2,39,3,11,40,40,40,100
12630,2,39,3,11,50,40,40,80
12631,2,39,3,12,0,40,60,80
12632,2,39,3,12,10,40,40,20
12633,2,39,3,12,20,0,20,20
12634,2,39,3,12,30,20,20,40
12635,2,39,3,12,40,20,0,0
12636,2,39,3,12,50,20,0,20
12637,2,39,3,13,0,0,0,20
12638,2,39,3,13,10,20,0,0
12639,2,39,3,13,20,20,20,20
12640,2,39,3,13,30,40,0,0
12641,2,39,3,13,40,20,0,20
12642,2,39,3,13,50,20,20,20
12643,2,39,3,14,0,20,40,0
12644,2,39,3,14,10,20,40,20
12645,2,39,3,14,20,20,20,0
12646,2,39,3,14,30,40,0,40
12647,2,39,3,14,40,40,20,80
12648,2,39,3,14,50,40,40,60
12649,2,39,3,15,0,20,40,40
12650,2,39,3,15,10,20,80,40
12651,2,39,3,15,20,40,20,40
12652,2,39,3,15,30,0,40,40
12653,2,39,3,15,40,20,40,40
12654,2,39,3,15,50,80,40,20
12655,2,39,3,16,0,60,40,40
12656,2,39,3,16,10,20,40,40
12657,2,39,3,16,20,20,20,40
12658,2,39,3,16,30,20,0,20
12659,2,39,3,16,40,20,40,20
12660,2,39,3,16,50,0,20,60
12763,2,39,4,10,0,60,60,0
12764,2,39,4,10,10,40,20,0
12765,2,39,4,10,20,40,20,0
12766,2,39,4,10,30,40,20,0
12767,2,39,4,10,40,60,20,0
12768,2,39,4,10,50,40,20,0
12769,2,39,4,11,0,40,40,0
12770,2,39,4,11,10,40,20,0
12771,2,39,4,11,20,40,40,0
12772,2,39,4,11,30,20,40,0
12773,2,39,4,11,40,20,100,0
12774,2,39,4,11,50,40,80,0
12775,2,39,4,12,0,40,80,0
12776,2,39,4,12,10,60,20,0
12777,2,39,4,12,20,40,20,0
12778,2,39,4,12,30,20,40,0
12779,2,39,4,12,40,0,0,0
12780,2,39,4,12,50,0,20,0
12781,2,39,4,13,0,40,20,0
12782,2,39,4,13,10,40,0,0
12783,2,39,4,13,20,40,20,0
12784,2,39,4,13,30,40,0,0
12785,2,39,4,13,40,20,20,0
12786,2,39,4,13,50,20,20,0
12787,2,39,4,14,0,20,0,0
12788,2,39,4,14,10,60,20,0
12789,2,39,4,14,20,40,0,0
12790,2,39,4,14,30,40,40,0
12791,2,39,4,14,40,40,80,0
12792,2,39,4,14,50,20,60,0
12793,2,39,4,15,0,20,40,0
12794,2,39,4,15,10,40,40,0
12795,2,39,4,15,20,20,40,0
12796,2,39,4,15,30,40,40,0
12797,2,39,4,15,40,60,40,0
12798,2,39,4,15,50,80,20,0
12799,2,39,4,16,0,60,40,0
12800,2,39,4,16,10,20,40,0
12801,2,39,4,16,20,40,40,0
12802,2,39,4,16,30,20,20,0
12803,2,39,4,16,40,20,20,0
12804,2,39,4,16,50,20,60,0
13195,2,40,0,10,0,60,60,40
13196,2,40,0,10,10,80,60,0
13197,2,40,0,10,20,80,40,20
13198,2,40,0,10,30,80,60,20
13199,2,40,0,10,40,40,60,20
13200,2,40,0,10,50,60,100,0
13201,2,40,0,11,0,60,100,0
13202,2,40,0,11,10,60,60,20
13203,2,40,0,11,20,60,60,20
13204,2,40,0,11,30,40,20,40
13205,2,40,0,11,40,80,0,40
13206,2,40,0,11,50,60,0,60
13207,2,40,0,12,0,60,0,20
13208,2,40,0,12,10,40,60,40
13209,2,40,0,12,20,20,60,0
13210,2,40,0,12,30,20,40,20
13211,2,40,0,12,40,20,20,0
13212,2,40,0,12,50,40,40,60
13213,2,40,0,13,0,80,40,60
13214,2,40,0,13,10,60,20,60
13215,2,40,0,13,20,60,20,80
13216,2,40,0,13,30,60,20,60
13217,2,40,0,13,40,40,20,60
13218,2,40,0,13,50,20,20,60
13219,2,40,0,14,0,60,20,40
13220,2,40,0,14,10,40,60,40
13221,2,40,0,14,20,60,40,40
13222,2,40,0,14,30,60,40,40
13223,2,40,0,14,40,80,20,40
13224,2,40,0,14,50,60,20,100
13225,2,40,0,15,0,60,40,80
13226,2,40,0,15,10,40,60,60
13227,2,40,0,15,20,40,40,40
13228,2,40,0,15,30,20,40,60
13229,2,40,0,15,40,20,40,60
13230,2,40,0,15,50,40,60,60
13231,2,40,0,16,0,40,40,40
13232,2,40,0,16,10,40,20,40
13233,2,40,0,16,20,40,20,20
13234,2,40,0,16,30,20,20,20
13235,2,40,0,16,40,40,20,0
13236,2,40,0,16,50,20,20,60
13339,2,40,1,10,0,60,40,40
13340,2,40,1,10,10,80,0,0
13341,2,40,1,10,20,80,20,20
13342,2,40,1,10,30,100,20,0
13343,2,40,1,10,40,40,20,20
13344,2,40,1,10,50,40,0,20
13345,2,40,1,11,0,40,0,60
13346,2,40,1,11,10,20,20,60
13347,2,40,1,11,20,60,20,40
13348,2,40,1,11,30,20,40,20
13349,2,40,1,11,40,60,40,20
13350,2,40,1,11,50,40,60,60
13351,2,40,1,12,0,80,20,40
13352,2,40,1,12,10,60,40,0
13353,2,40,1,12,20,60,0,20
13354,2,40,1,12,30,80,20,0
13355,2,40,1,12,40,80,0,20
13356,2,40,1,12,50,60,60,20
13357,2,40,1,13,0,40,60,20
13358,2,40,1,13,10,60,60,20
13359,2,40,1,13,20,40,80,20
13360,2,40,1,13,30,40,60,20
13361,2,40,1,13,40,60,60,20
13362,2,40,1,13,50,40,60,20
13363,2,40,1,14,0,80,40,20
13364,2,40,1,14,10,40,40,0
13365,2,40,1,14,20,80,40,0
13366,2,40,1,14,30,80,40,0
13367,2,40,1,14,40,80,40,0
13368,2,40,1,14,50,80,100,20
13369,2,40,1,15,0,60,80,20
13370,2,40,1,15,10,60,60,20
13371,2,40,1,15,20,60,40,20
13372,2,40,1,15,30,60,60,20
13373,2,40,1,15,40,60,60,20
13374,2,40,1,15,50,60,60,0
13375,2,40,1,16,0,60,40,0
13376,2,40,1,16,10,60,40,0
13377,2,40,1,16,20,60,20,0
13378,2,40,1,16,30,60,20,0
13379,2,40,1,16,40,40,0,0
13380,2,40,1,16,50,60,60,0
13483,2,40,2,10,0,40,40,60
13484,2,40,2,10,10,40,0,60
13485,2,40,2,10,20,20,20,60
13486,2,40,2,10,30,20,0,60
13487,2,40,2,10,40,40,20,20
13488,2,40,2,10,50,60,20,20
13489,2,40,2,11,0,40,60,20
13490,2,40,2,11,10,40,60,0
13491,2,40,2,11,20,40,40,0
13492,2,40,2,11,30,40,20,40
13493,2,40,2,11,40,40,20,20
13494,2,40,2,11,50,40,60,40
13495,2,40,2,12,0,60,40,20
13496,2,40,2,12,10,40,0,20
13497,2,40,2,12,20,20,20,0
13498,2,40,2,12,30,20,0,20
13499,2,40,2,12,40,0,20,20
13500,2,40,2,12,50,0,20,80
13501,2,40,2,13,0,0,20,60
13502,2,40,2,13,10,0,20,60
13503,2,40,2,13,20,20,20,80
13504,2,40,2,13,30,0,20,60
13505,2,40,2,13,40,0,20,60
13506,2,40,2,13,50,20,20,60
13507,2,40,2,14,0,40,20,40
13508,2,40,2,14,10,40,0,40
13509,2,40,2,14,20,20,0,60
13510,2,40,2,14,30,0,0,60
13511,2,40,2,14,40,20,0,40
13512,2,40,2,14,50,40,20,40
13513,2,40,2,15,0,40,20,40
13514,2,40,2,15,10,80,20,60
13515,2,40,2,15,20,20,20,40
13516,2,40,2,15,30,40,20,60
13517,2,40,2,15,40,40,20,60
13518,2,40,2,15,50,40,0,60
13519,2,40,2,16,0,40,0,80
13520,2,40,2,16,10,40,0,40
13521,2,40,2,16,20,20,0,40
13522,2,40,2,16,30,0,0,60
13523,2,40,2,16,40,40,0,40
13524,2,40,2,16,50,20,0,40
13627,2,40,3,10,0,60,60,0
13628,2,40,3,10,10,20,60,0
13629,2,40,3,10,20,20,60,0
13630,2,40,3,10,30,20,60,0
13631,2,40,3,10,40,20,20,40
13632,2,40,3,10,50,20,20,0
13633,2,40,3,11,0,40,20,60
13634,2,40,3,11,10,20,0,40
13635,2,40,3,11,20,40,0,40
13636,2,40,3,11,30,40,40,20
13637,2,40,3,11,40,100,20,80
13638,2,40,3,11,50,80,40,60
13639,2,40,3,12,0,80,20,40
13640,2,40,3,12,10,20,20,0
13641,2,40,3,12,20,20,0,20
13642,2,40,3,12,30,40,20,40
13643,2,40,3,12,40,0,20,20
13644,2,40,3,12,50,20,80,0
13645,2,40,3,13,0,20,60,20
13646,2,40,3,13,10,0,60,0
13647,2,40,3,13,20,20,80,40
13648,2,40,3,13,30,0,60,20
13649,2,40,3,13,40,20,60,20
13650,2,40,3,13,50,20,60,40
13651,2,40,3,14,0,0,40,20
13652,2,40,3,14,10,20,40,0
13653,2,40,3,14,20,0,60,0
13654,2,40,3,14,30,40,60,0
13655,2,40,3,14,40,80,40,0
13656,2,40,3,14,50,60,40,0
13657,2,40,3,15,0,40,40,0
13658,2,40,3,15,10,40,60,40
13659,2,40,3,15,20,40,40,20
13660,2,40,3,15,30,40,60,0
13661,2,40,3,15,40,40,60,0
13662,2,40,3,15,50,20,60,0
13663,2,40,3,16,0,40,80,20
13664,2,40,3,16,10,40,40,40
13665,2,40,3,16,20,40,40,40
13666,2,40,3,16,30,20,60,20
13667,2,40,3,16,40,20,40,20
13668,2,40,3,16,50,60,40,0
13771,2,40,4,10,0,0,0,60
13772,2,40,4,10,10,0,0,60
13773,2,40,4,10,20,0,0,40
13774,2,40,4,10,30,0,0,60
13775,2,40,4,10,40,0,40,60
13776,2,40,4,10,50,0,0,100
13777,2,40,4,11,0,0,60,100
13778,2,40,4,11,10,0,40,60
13779,2,40,4,11,20,0,40,60
13780,2,40,4,11,30,0,20,20
13781,2,40,4,11,40,0,80,0
13782,2,40,4,11,50,0,60,0
13783,2,40,4,12,0,0,40,0
13784,2,40,4,12,10,0,0,60
13785,2,40,4,12,20,0,20,60
13786,2,40,4,12,30,0,40,40
13787,2,40,4,12,40,0,20,20
13788,2,40,4,12,50,0,0,40
13789,2,40,4,13,0,0,20,40
13790,2,40,4,13,10,0,0,20
13791,2,40,4,13,20,0,40,20
13792,2,40,4,13,30,0,20,20
13793,2,40,4,13,40,0,20,20
13794,2,40,4,13,50,0,40,20
13795,2,40,4,14,0,0,20,20
13796,2,40,4,14,10,0,0,60
13797,2,40,4,14,20,0,0,40
13798,2,40,4,14,30,0,0,40
13799,2,40,4,14,40,0,0,20
13800,2,40,4,14,50,0,0,20
13801,2,40,4,15,0,0,0,40
13802,2,40,4,15,10,0,40,60
13803,2,40,4,15,20,0,20,40
13804,2,40,4,15,30,0,0,40
13805,2,40,4,15,40,0,0,40
13806,2,40,4,15,50,0,0,60
13807,2,40,4,16,0,0,20,40
13808,2,40,4,16,10,0,40,20
13809,2,40,4,16,20,0,40,20
13810,2,40,4,16,30,0,20,20
13811,2,40,4,16,40,0,20,20
13812,2,40,4,16,50,0,0,20
14145,3,34,2,10,0,20,60,20
14146,3,34,2,10,10,0,20,50
14147,3,34,2,10,20,0,20,20
14148,3,34,2,10,30,20,60,40
14149,3,34,2,10,40,20,80,0
14150,3,34,2,10,50,0,40,20
14151,3,34,2,11,0,20,40,40
14152,3,34,2,11,10,0,100,40
14153,3,34,2,11,20,20,100,40
14154,3,34,2,11,30,0,60,40
14155,3,34,2,11,40,20,80,60
14156,3,34,2,11,50,20,60,40
14157,3,34,2,12,0,20,50,80
14158,3,34,2,12,10,20,80,80
14159,3,34,2,12,20,20,60,40
14160,3,34,2,12,30,20,50,60
14161,3,34,2,12,40,20,40,60
14162,3,34,2,12,50,20,40,60
14163,3,34,2,13,0,20,40,80
14164,3,34,2,13,10,20,40,20
14165,3,34,2,13,20,20,50,40
14166,3,34,2,13,30,20,60,40
14167,3,34,2,13,40,40,40,40
14168,3,34,2,13,50,40,60,80
14169,3,34,2,14,0,20,40,80
14170,3,34,2,14,10,20,60,60
14171,3,34,2,14,20,0,60,40
14172,3,34,2,14,30,20,100,40
14173,3,34,2,14,40,20,40,40
14174,3,34,2,14,50,20,40,20
14175,3,34,2,15,0,20,40,60
14176,3,34,2,15,10,20,60,60
14177,3,34,2,15,20,20,80,40
14178,3,34,2,15,30,20,40,40
14179,3,34,2,15,40,40,50,40
14180,3,34,2,15,50,40,40,60
14181,3,34,2,16,0,40,60,40
14182,3,34,2,16,10,20,50,40
14183,3,34,2,16,20,20,20,40
14184,3,34,2,16,30,20,40,20
14185,3,34,2,16,40,20,40,20
14186,3,34,2,16,50,20,20,20
14286,3,34,3,10,0,0,20,40
14287,3,34,3,10,10,20,50,20
14288,3,34,3,10,20,20,20,80
14289,3,34,3,10,30,20,40,60
14290,3,34,3,10,40,20,0,60
14291,3,34,3,10,50,20,20,60
14292,3,34,3,11,0,0,40,60
14293,3,34,3,11,10,0,40,40
14294,3,34,3,11,20,0,40,20
14295,3,34,3,11,30,20,40,20
14296,3,34,3,11,40,20,60,20
14297,3,34,3,11,50,20,40,20
14298,3,34,3,12,0,0,80,60
14299,3,34,3,12,10,20,80,0
14300,3,34,3,12,20,20,40,20
14301,3,34,3,12,30,20,60,20
14302,3,34,3,12,40,20,60,0
14303,3,34,3,12,50,20,60,0
14304,3,34,3,13,0,20,80,20
14305,3,34,3,13,10,20,20,20
14306,3,34,3,13,20,20,40,40
14307,3,34,3,13,30,20,40,40
14308,3,34,3,13,40,0,40,50
14309,3,34,3,13,50,0,80,20
14310,3,34,3,14,0,0,80,40
14311,3,34,3,14,10,0,60,40
14312,3,34,3,14,20,0,40,20
14313,3,34,3,14,30,0,40,20
14314,3,34,3,14,40,0,40,20
14315,3,34,3,14,50,0,20,20
14316,3,34,3,15,0,0,60,40
14317,3,34,3,15,10,0,60,20
14318,3,34,3,15,20,0,40,20
14319,3,34,3,15,30,0,40,40
14320,3,34,3,15,40,0,40,40
14321,3,34,3,15,50,0,60,20
14322,3,34,3,16,0,0,40,20
14323,3,34,3,16,10,0,40,20
14324,3,34,3,16,20,0,40,20
14325,3,34,3,16,30,0,20,0
14326,3,34,3,16,40,0,20,40
14327,3,34,3,16,50,0,20,40
14430,3,34,4,10,0,0,40,60
14431,3,34,4,10,10,0,20,40
14432,3,34,4,10,20,20,80,80
14433,3,34,4,10,30,0,60,80
14434,3,34,4,10,40,0,60,80
14435,3,34,4,10,50,0,60,60
14436,3,34,4,11,0,0,60,60
14437,3,34,4,11,10,0,40,40
14438,3,34,4,11,20,0,20,20
14439,3,34,4,11,30,0,20,20
14440,3,34,4,11,40,20,20,60
14441,3,34,4,11,50,0,20,80
14442,3,34,4,12,0,0,60,80
14443,3,34,4,12,10,0,0,20
14444,3,34,4,12,20,0,20,40
14445,3,34,4,12,30,0,20,40
14446,3,34,4,12,40,0,0,60
14447,3,34,4,12,50,0,0,20
14448,3,34,4,13,0,0,20,20
14449,3,34,4,13,10,0,20,40
14450,3,34,4,13,20,0,40,40
14451,3,34,4,13,30,0,40,40
14452,3,34,4,13,40,0,50,40
14453,3,34,4,13,50,0,20,40
14454,3,34,4,14,0,0,40,40
14455,3,34,4,14,10,20,40,40
14456,3,34,4,14,20,0,20,40
14457,3,34,4,14,30,0,20,40
14458,3,34,4,14,40,0,20,40
14459,3,34,4,14,50,20,20,20
14460,3,34,4,15,0,0,40,20
14461,3,34,4,15,10,0,20,20
14462,3,34,4,15,20,0,20,20
14463,3,34,4,15,30,0,40,40
14464,3,34,4,15,40,0,40,60
14465,3,34,4,15,50,0,20,40
14466,3,34,4,16,0,20,20,60
14467,3,34,4,16,10,20,20,60
14468,3,34,4,16,20,0,20,60
14469,3,34,4,16,30,0,0,80
14470,3,34,4,16,40,0,40,100
14471,3,34,4,16,50,0,40,0
14862,3,35,0,10,0,40,50,40
14863,3,35,0,10,10,40,40,20
14864,3,35,0,10,20,80,20,20
14865,3,35,0,10,30,60,40,20
14866,3,35,0,10,40,100,0,20
14867,3,35,0,10,50,60,20,20
14868,3,35,0,11,0,40,20,40
14869,3,35,0,11,10,40,20,40
14870,3,35,0,11,20,40,40,40
14871,3,35,0,11,30,60,20,60
14872,3,35,0,11,40,100,20,60
14873,3,35,0,11,50,80,20,80
14874,3,35,0,12,0,80,0,20
14875,3,35,0,12,10,50,0,40
14876,3,35,0,12,20,40,0,40
14877,3,35,0,12,30,40,0,40
14878,3,35,0,12,40,20,0,0
14879,3,35,0,12,50,100,0,0
14880,3,35,0,13,0,40,20,0
14881,3,35,0,13,10,70,0,0
14882,3,35,0,13,20,70,0,40
14883,3,35,0,13,30,60,0,20
14884,3,35,0,13,40,100,0,20
14885,3,35,0,13,50,60,0,20
14886,3,35,0,14,0,80,40,50
14887,3,35,0,14,10,50,20,40
14888,3,35,0,15,10,80,0,100
14889,3,35,0,15,20,60,60,100
14890,3,35,0,15,30,60,40,100
14891,3,35,0,15,40,50,40,20
14892,3,35,0,15,50,60,40,40
14893,3,35,0,16,0,40,40,80
14894,3,35,0,16,10,40,40,80
14895,3,35,0,16,20,60,20,80
14896,3,35,0,16,30,60,40,60
14897,3,35,0,16,40,60,20,60
14898,3,35,0,16,50,40,0,80
15001,3,35,1,10,0,60,40,20
15002,3,35,1,10,10,20,20,40
15003,3,35,1,10,20,20,20,20
15004,3,35,1,10,30,60,20,20
15005,3,35,1,10,40,80,20,40
15006,3,35,1,10,50,40,20,60
15007,3,35,1,11,0,40,40,60
15008,3,35,1,11,10,100,40,60
15009,3,35,1,11,20,100,40,60
15010,3,35,1,11,30,60,60,40
15011,3,35,1,11,40,80,60,40
15012,3,35,1,11,50,60,80,40
15013,3,35,1,12,0,50,20,40
15014,3,35,1,12,10,80,40,40
15015,3,35,1,12,20,60,40,20
15016,3,35,1,12,30,50,40,60
15017,3,35,1,12,40,40,0,40
15018,3,35,1,12,50,40,0,40
15019,3,35,1,13,0,40,0,40
15020,3,35,1,13,10,40,0,20
15021,3,35,1,13,20,50,40,20
15022,3,35,1,13,30,60,20,40
15023,3,35,1,13,40,40,20,60
15024,3,35,1,13,50,60,20,40
15025,3,35,1,14,0,40,50,80
15026,3,35,1,14,10,60,40,40
15027,3,35,1,14,20,60,40,60
15028,3,35,1,14,30,100,80,40
15029,3,35,1,14,40,40,40,60
15030,3,35,1,14,50,40,60,40
15031,3,35,1,15,0,40,60,80
15032,3,35,1,15,10,60,100,80
15033,3,35,1,15,20,80,100,80
15034,3,35,1,15,30,40,100,60
15035,3,35,1,15,40,50,20,80
15036,3,35,1,15,50,40,40,60
15037,3,35,1,16,0,60,80,40
15038,3,35,1,16,10,50,80,20
15039,3,35,1,16,20,20,80,40
15040,3,35,1,16,30,40,60,60
15041,3,35,1,16,40,40,60,40
15042,3,35,1,16,50,20,80,20
15142,3,35,2,10,0,20,20,60
15143,3,35,2,10,10,50,40,20
15144,3,35,2,10,20,20,20,20
15145,3,35,2,10,30,40,20,20
15146,3,35,2,10,40,0,40,60
15147,3,35,2,10,50,20,60,20
15148,3,35,2,11,0,40,60,20
15149,3,35,2,11,10,40,60,20
15150,3,35,2,11,20,40,60,40
15151,3,35,2,11,30,40,40,50
15152,3,35,2,11,40,60,40,0
15153,3,35,2,11,50,40,40,0
15154,3,35,2,12,0,80,40,0
15155,3,35,2,12,10,80,40,20
15156,3,35,2,12,20,40,20,20
15157,3,35,2,12,30,60,60,20
15158,3,35,2,12,40,60,40,20
15159,3,35,2,12,50,60,40,20
15160,3,35,2,13,0,80,40,0
15161,3,35,2,13,10,20,20,20
15162,3,35,2,13,20,40,20,40
15163,3,35,2,13,30,40,40,60
15164,3,35,2,13,40,40,60,40
15165,3,35,2,13,50,80,40,60
15166,3,35,2,14,0,80,80,80
15167,3,35,2,14,10,60,40,60
15168,3,35,2,14,20,40,60,20
15169,3,35,2,14,30,40,40,40
15170,3,35,2,14,40,40,60,40
15171,3,35,2,14,50,20,40,60
15172,3,35,2,15,0,60,80,60
15173,3,35,2,15,10,60,80,60
15174,3,35,2,15,20,40,80,40
15175,3,35,2,15,30,40,60,40
15176,3,35,2,15,40,40,80,20
15177,3,35,2,15,50,60,60,20
15178,3,35,2,16,0,40,40,20
15179,3,35,2,16,10,40,20,20
15180,3,35,2,16,20,40,40,40
15181,3,35,2,16,30,20,60,40
15182,3,35,2,16,40,20,40,40
15183,3,35,2,16,50,20,20,80
15286,3,35,3,10,0,40,60,20
15287,3,35,3,10,10,20,20,0
15288,3,35,3,10,20,80,20,0
15289,3,35,3,10,30,60,20,40
15290,3,35,3,10,40,60,60,40
15291,3,35,3,10,50,60,20,40
15292,3,35,3,11,0,60,20,60
15293,3,35,3,11,10,40,20,40
15294,3,35,3,11,20,20,40,20
15295,3,35,3,11,30,20,50,20
15296,3,35,3,11,40,20,0,60
15297,3,35,3,11,50,20,0,60
15298,3,35,3,12,0,60,0,40
15299,3,35,3,12,10,0,20,60
15300,3,35,3,12,20,20,20,60
15301,3,35,3,12,30,20,20,60
15302,3,35,3,12,40,0,20,40
15303,3,35,3,12,50,0,20,0
15304,3,35,3,13,0,20,0,0
15305,3,35,3,13,10,20,20,20
15306,3,35,3,13,20,40,40,20
15307,3,35,3,13,30,40,60,40
15308,3,35,3,13,40,50,40,80
15309,3,35,3,13,50,20,60,60
15310,3,35,3,14,0,40,80,60
15311,3,35,3,14,10,40,60,60
15312,3,35,3,14,20,20,20,60
15313,3,35,3,14,30,20,40,40
15314,3,35,3,14,40,20,40,80
15315,3,35,3,14,50,20,60,80
15316,3,35,3,15,0,40,60,60
15317,3,35,3,15,10,20,60,40
15318,3,35,3,15,20,20,40,40
15319,3,35,3,15,30,40,40,60
15320,3,35,3,15,40,40,20,60
15321,3,35,3,15,50,20,20,40
15322,3,35,3,16,0,20,20,40
15323,3,35,3,16,10,20,20,40
15324,3,35,3,16,20,20,40,40
15325,3,35,3,16,30,0,40,40
15326,3,35,3,16,40,40,40,40
15327,3,35,3,16,50,40,80,80
15430,3,35,4,10,0,60,20,50
15431,3,35,4,10,10,40,0,40
15432,3,35,4,10,20,80,0,20
15433,3,35,4,10,30,80,40,40
15434,3,35,4,10,40,80,40,0
15435,3,35,4,10,50,60,40,20
15436,3,35,4,11,0,60,60,20
15437,3,35,4,11,10,40,40,20
15438,3,35,4,11,20,20,20,40
15439,3,35,4,11,30,20,20,20
15440,3,35,4,11,40,60,60,20
15441,3,35,4,11,50,80,60,20
15442,3,35,4,12,0,80,40,0
15443,3,35,4,12,10,20,60,0
15444,3,35,4,12,20,40,60,0
15445,3,35,4,12,30,40,60,0
15446,3,35,4,12,40,60,40,0
15447,3,35,4,12,50,20,0,0
15448,3,35,4,13,0,20,0,20
15449,3,35,4,13,10,40,20,0
15450,3,35,4,13,20,40,20,0
15451,3,35,4,13,30,40,40,0
15452,3,35,4,13,40,40,80,0
15453,3,35,4,13,50,40,60,0
15454,3,35,4,14,0,40,60,40
15455,3,35,4,14,10,40,60,20
15456,3,35,4,15,10,20,40,0
15457,3,35,4,15,20,20,40,60
15458,3,35,4,15,30,40,60,40
15459,3,35,4,15,40,60,60,40
15460,3,35,4,15,50,40,40,40
15461,3,35,4,16,0,60,40,40
15462,3,35,4,16,10,60,40,40
15463,3,35,4,16,20,60,40,20
15464,3,35,4,16,30,80,40,40
15465,3,35,4,16,40,100,40,20
15466,3,35,4,16,50,0,80,0
15792,3,38,2,15,50,60,80,0
15793,3,38,2,16,0,40,60,0
15794,3,38,2,16,10,60,80,0
15795,3,38,2,16,20,40,60,0
15796,3,38,2,16,30,60,80,0
15797,3,38,2,16,40,60,40,0
15798,3,38,2,16,50,40,40,0
15901,3,38,3,10,0,40,0,0
15902,3,38,3,10,10,20,0,0
15903,3,38,3,10,20,20,0,0
15904,3,38,3,10,30,40,0,0
15905,3,38,3,10,40,60,0,0
15906,3,38,3,10,50,60,20,0
15907,3,38,3,11,0,80,0,0
15908,3,38,3,11,10,60,0,0
15909,3,38,3,11,20,60,0,0
15910,3,38,3,11,30,100,0,0
15911,3,38,3,11,40,80,0,0
15912,3,38,3,11,50,80,0,0
15913,3,38,3,12,0,60,0,0
15914,3,38,3,12,10,40,0,0
15915,3,38,3,12,20,40,0,0
15916,3,38,3,12,30,20,0,0
15917,3,38,3,12,40,0,0,0
15918,3,38,3,12,50,20,0,0
15919,3,38,3,13,0,0,0,0
15920,3,38,3,13,10,20,0,0
15921,3,38,3,13,20,0,0,0
15922,3,38,3,13,30,0,0,0
15923,3,38,3,13,40,20,20,0
15924,3,38,3,13,50,20,20,0
15925,3,38,3,14,0,20,20,0
15926,3,38,3,14,10,40,0,0
15927,3,38,3,14,20,40,20,0
15928,3,38,3,14,30,80,0,0
15929,3,38,3,14,40,60,0,0
15930,3,38,3,14,50,60,0,0
15931,3,38,3,15,0,80,0,0
15932,3,38,3,15,10,60,0,0
15933,3,38,3,15,20,40,0,0
15934,3,38,3,15,30,40,0,0
15935,3,38,3,15,40,40,0,0
15936,3,38,3,15,50,60,0,0
15937,3,38,3,16,0,60,0,0
15938,3,38,3,16,10,80,0,0
15939,3,38,3,16,20,60,0,0
15940,3,38,3,16,30,60,0,0
15941,3,38,3,16,40,60,0,0
15942,3,38,3,16,50,60,0,0
16045,3,38,4,10,0,40,0,0
16046,3,38,4,10,10,20,0,0
16047,3,38,4,10,20,20,0,0
16048,3,38,4,10,30,60,0,0
16049,3,38,4,10,40,40,0,0
16050,3,38,4,10,50,40,0,0
16051,3,38,4,11,0,40,0,0
16052,3,38,4,11,10,40,0,0
16053,3,38,4,11,20,20,0,0
16054,3,38,4,11,30,80,0,0
16055,3,38,4,11,40,0,0,0
16056,3,38,4,11,50,0,0,0
16057,3,38,4,12,0,0,0,0
16058,3,38,4,12,10,0,0,0
16059,3,38,4,12,20,0,0,0
16060,3,38,4,12,30,20,0,0
16061,3,38,4,12,40,0,0,0
16062,3,38,4,12,50,20,0,0
16063,3,38,4,13,0,20,0,0
16064,3,38,4,13,10,0,0,0
16065,3,38,4,13,20,0,0,0
16066,3,38,4,13,30,0,0,0
16067,3,38,4,13,40,0,0,0
16068,3,38,4,13,50,0,0,0
16069,3,38,4,14,0,0,0,0
16070,3,38,4,14,10,0,0,0
16071,3,38,4,14,20,60,0,0
16072,3,38,4,14,30,60,0,0
16073,3,38,4,14,40,20,0,0
16074,3,38,4,14,50,40,0,0
16075,3,38,4,15,0,60,0,0
16076,3,38,4,15,10,40,0,0
16077,3,38,4,15,20,60,0,0
16078,3,38,4,15,30,60,0,0
16079,3,38,4,15,40,40,0,0
16080,3,38,4,15,50,40,0,0
16081,3,38,4,16,0,20,0,0
16082,3,38,4,16,10,40,0,0
16083,3,38,4,16,20,20,0,0
16084,3,38,4,16,30,20,0,0
16085,3,38,4,16,40,20,0,0
16086,3,38,4,16,50,20,0,0
16477,3,39,0,10,0,20,0,60
16478,3,39,0,10,10,40,0,20
16479,3,39,0,10,20,0,0,40
16480,3,39,0,10,30,40,0,40
16481,3,39,0,10,40,40,0,40
16482,3,39,0,10,50,40,0,40
16483,3,39,0,11,0,40,0,20
16484,3,39,0,11,10,60,0,40
16485,3,39,0,11,20,40,0,20
16486,3,39,0,11,30,40,0,20
16487,3,39,0,11,40,40,0,20
16488,3,39,0,11,50,40,0,20
16489,3,39,0,12,0,40,0,40
16490,3,39,0,12,10,40,0,40
16491,3,39,0,12,20,40,0,40
16492,3,39,0,12,30,40,0,60
16493,3,39,0,12,40,40,0,20
16494,3,39,0,12,50,0,0,20
16495,3,39,0,13,0,20,0,0
16496,3,39,0,13,10,20,0,0
16497,3,39,0,13,20,40,0,60
16498,3,39,0,13,30,100,0,40
16499,3,39,0,13,40,100,0,20
16500,3,39,0,13,50,100,0,40
16501,3,39,0,14,0,80,0,40
16502,3,39,0,14,10,60,0,20
16503,3,39,0,14,20,60,0,20
16504,3,39,0,14,30,40,0,40
16505,3,39,0,14,40,40,0,80
16506,3,39,0,14,50,40,0,100
16507,3,39,0,15,0,40,0,80
16508,3,39,0,15,10,40,0,40
16509,3,39,0,15,20,40,0,40
16510,3,39,0,15,30,40,0,60
16511,3,39,0,15,40,40,0,40
16512,3,39,0,15,50,60,0,40
16513,3,39,0,16,0,80,0,40
16514,3,39,0,16,10,80,0,60
16515,3,39,0,16,20,60,0,60
16516,3,39,0,16,30,100,0,40
16517,3,39,0,16,40,80,0,40
16518,3,39,0,16,50,100,0,60
16621,3,39,1,10,0,20,60,0
16622,3,39,1,10,10,20,20,0
16623,3,39,1,10,20,20,40,20
16624,3,39,1,10,30,20,40,0
16625,3,39,1,10,40,20,40,0
16626,3,39,1,10,50,20,40,0
16627,3,39,1,11,0,80,20,0
16628,3,39,1,11,10,40,40,0
16629,3,39,1,11,20,40,20,0
16630,3,39,1,11,30,60,20,0
16631,3,39,1,11,40,80,20,0
16632,3,39,1,11,50,80,20,0
16633,3,39,1,12,0,60,40,20
16634,3,39,1,12,10,60,40,0
16635,3,39,1,12,20,20,40,0
16636,3,39,1,12,30,20,60,0
16637,3,39,1,12,40,40,20,0
16638,3,39,1,12,50,20,20,0
16639,3,39,1,13,0,40,0,0
16640,3,39,1,13,10,20,0,0
16641,3,39,1,13,20,40,60,0
16642,3,39,1,13,30,40,40,0
16643,3,39,1,13,40,40,20,0
16644,3,39,1,13,50,20,40,0
16645,3,39,1,14,0,40,40,0
16646,3,39,1,14,10,40,20,0
16647,3,39,1,14,20,20,20,0
16648,3,39,1,14,30,20,40,0
16649,3,39,1,14,40,20,80,0
16650,3,39,1,14,50,20,100,0
16651,3,39,1,15,0,40,80,0
16652,3,39,1,15,10,60,40,0
16653,3,39,1,15,20,60,40,0
16654,3,39,1,15,30,80,60,0
16655,3,39,1,15,40,80,40,0
16656,3,39,1,15,50,80,40,0
16657,3,39,1,16,0,60,40,0
16658,3,39,1,16,10,80,60,0
16659,3,39,1,16,20,60,60,0
16660,3,39,1,16,30,80,40,0
16661,3,39,1,16,40,40,40,0
16662,3,39,1,16,50,40,60,0
16765,3,39,2,10,0,0,0,40
16766,3,39,2,10,10,0,0,40
16767,3,39,2,10,20,0,20,20
16768,3,39,2,10,30,0,0,20
16769,3,39,2,10,40,0,0,0
16770,3,39,2,10,50,20,0,20
16771,3,39,2,11,0,0,0,20
16772,3,39,2,11,10,0,0,20
16773,3,39,2,11,20,0,0,20
16774,3,39,2,11,30,0,0,40
16775,3,39,2,11,40,0,0,20
16776,3,39,2,11,50,0,0,40
16777,3,39,2,12,0,0,20,20
16778,3,39,2,12,10,0,0,20
16779,3,39,2,12,20,0,0,0
16780,3,39,2,12,30,0,0,0
16781,3,39,2,12,40,0,0,20
16782,3,39,2,12,50,0,0,0
16783,3,39,2,13,0,0,0,0
16784,3,39,2,13,10,0,0,20
16785,3,39,2,13,20,0,0,0
16786,3,39,2,13,30,0,0,0
16787,3,39,2,13,40,20,0,40
16788,3,39,2,13,50,20,0,40
16789,3,39,2,14,0,20,0,40
16790,3,39,2,14,10,0,0,20
16791,3,39,2,14,20,20,0,20
16792,3,39,2,14,30,0,0,40
16793,3,39,2,14,40,0,0,40
16794,3,39,2,14,50,0,0,40
16795,3,39,2,15,0,0,0,40
16796,3,39,2,15,10,0,0,20
16797,3,39,2,15,20,0,0,20
16798,3,39,2,15,30,0,0,40
16799,3,39,2,15,40,0,0,40
16800,3,39,2,15,50,0,0,20
16801,3,39,2,16,0,0,0,20
16802,3,39,2,16,10,0,0,20
16803,3,39,2,16,20,0,0,40
16804,3,39,2,16,30,0,0,40
16805,3,39,2,16,40,0,0,40
16806,3,39,2,16,50,0,0,40
16909,3,39,3,10,0,0,40,20
16910,3,39,3,10,10,0,40,20
16911,3,39,3,10,20,0,20,20
16912,3,39,3,10,30,0,20,20
16913,3,39,3,10,40,0,0,0
16914,3,39,3,10,50,0,20,0
16915,3,39,3,11,0,0,20,0
16916,3,39,3,11,10,0,20,0
16917,3,39,3,11,20,0,20,0
16918,3,39,3,11,30,0,40,20
16919,3,39,3,11,40,0,20,20
16920,3,39,3,11,50,0,40,20
16921,3,39,3,12,0,0,20,0
16922,3,39,3,12,10,0,20,0
16923,3,39,3,12,20,0,0,0
16924,3,39,3,12,30,0,0,0
16925,3,39,3,12,40,0,20,0
16926,3,39,3,12,50,0,0,0
16927,3,39,3,13,0,0,0,0
16928,3,39,3,13,10,0,20,0
16929,3,39,3,13,20,0,0,0
16930,3,39,3,13,30,0,0,0
16931,3,39,3,13,40,0,40,20
16932,3,39,3,13,50,0,40,20
16933,3,39,3,14,0,0,40,0
16934,3,39,3,14,10,0,20,0
16935,3,39,3,14,20,0,20,0
16936,3,39,3,14,30,0,40,0
16937,3,39,3,14,40,0,40,0
16938,3,39,3,14,50,0,40,0
16939,3,39,3,15,0,0,40,0
16940,3,39,3,15,10,0,20,0
16941,3,39,3,15,20,0,20,0
16942,3,39,3,15,30,0,40,0
16943,3,39,3,15,40,0,40,20
16944,3,39,3,15,50,0,20,0
16945,3,39,3,16,0,0,20,0
16946,3,39,3,16,10,0,20,0
16947,3,39,3,16,20,0,40,0
16948,3,39,3,16,30,0,40,0
16949,3,39,3,16,40,0,40,20
16950,3,39,3,16,50,0,40,0
17053,3,39,4,10,0,0,20,0
17054,3,39,4,10,10,0,20,0
17055,3,39,4,10,20,0,20,0
17056,3,39,4,10,30,0,20,0
17057,3,39,4,10,40,0,0,0
17058,3,39,4,10,50,0,0,0
17059,3,39,4,11,0,0,0,0
17060,3,39,4,11,10,0,0,0
17061,3,39,4,11,20,0,0,0
17062,3,39,4,11,30,0,20,0
17063,3,39,4,11,40,0,20,0
17064,3,39,4,11,50,0,20,0
17065,3,39,4,12,0,0,0,0
17066,3,39,4,12,10,0,0,0
17067,3,39,4,12,20,0,0,0
17068,3,39,4,12,30,0,0,0
17069,3,39,4,12,40,0,0,0
17070,3,39,4,12,50,0,0,0
17071,3,39,4,13,0,0,0,0
17072,3,39,4,13,10,0,0,0
17073,3,39,4,13,20,0,0,0
17074,3,39,4,13,30,0,0,0
17075,3,39,4,13,40,0,20,0
17076,3,39,4,13,50,0,20,0
17077,3,39,4,14,0,0,0,0
17078,3,39,4,14,10,0,0,0
17079,3,39,4,14,20,0,0,0
17080,3,39,4,14,30,0,0,0
17081,3,39,4,14,40,0,0,0
17082,3,39,4,14,50,0,0,0
17083,3,39,4,15,0,0,0,0
17084,3,39,4,15,10,0,0,0
17085,3,39,4,15,20,0,0,0
17086,3,39,4,15,30,0,0,0
17087,3,39,4,15,40,0,20,0
17088,3,39,4,15,50,0,0,0
17089,3,39,4,16,0,0,0,0
17090,3,39,4,16,10,0,0,0
17091,3,39,4,16,20,0,0,0
17092,3,39,4,16,30,0,0,0
17093,3,39,4,16,40,0,20,0
17094,3,39,4,16,50,0,0,0
17485,3,40,0,10,0,60,0,20
17486,3,40,0,10,10,20,0,20
17487,3,40,0,10,20,40,0,40
17488,3,40,0,10,30,40,0,20
17489,3,40,0,10,40,40,0,0
17490,3,40,0,10,50,40,0,20
17491,3,40,0,11,0,20,0,20
17492,3,40,0,11,10,40,0,0
17493,3,40,0,11,20,20,0,20
17494,3,40,0,11,30,20,0,20
17495,3,40,0,11,40,20,0,20
17496,3,40,0,11,50,20,0,40
17497,3,40,0,12,0,40,0,20
17498,3,40,0,12,10,40,0,20
17499,3,40,0,12,20,40,0,20
17500,3,40,0,12,30,60,0,20
17501,3,40,0,12,40,20,0,0
17502,3,40,0,12,50,20,0,0
17503,3,40,0,13,0,0,0,20
17504,3,40,0,13,10,0,0,0
17505,3,40,0,13,20,60,0,0
17506,3,40,0,13,30,40,0,20
17507,3,40,0,13,40,20,0,20
17508,3,40,0,13,50,40,0,40
17509,3,40,0,14,0,40,0,20
17510,3,40,0,14,10,20,0,20
17511,3,40,0,14,20,20,0,20
17512,3,40,0,14,30,40,0,20
17513,3,40,0,14,40,80,0,0
17514,3,40,0,14,50,100,0,0
17515,3,40,0,15,0,80,0,20
17516,3,40,0,15,10,40,0,20
17517,3,40,0,15,20,40,0,40
17518,3,40,0,15,30,60,0,20
17519,3,40,0,15,40,40,0,20
17520,3,40,0,15,50,40,0,0
17521,3,40,0,16,0,40,0,20
17522,3,40,0,16,10,60,0,20
17523,3,40,0,16,20,60,0,0
17524,3,40,0,16,30,40,0,20
17525,3,40,0,16,40,40,0,0
17526,3,40,0,16,50,60,0,20
17629,3,40,1,10,0,0,20,60
17630,3,40,1,10,10,0,20,60
17631,3,40,1,10,20,20,40,40
17632,3,40,1,10,30,0,20,40
17633,3,40,1,10,40,0,0,20
17634,3,40,1,10,50,0,20,0
17635,3,40,1,11,0,0,20,20
17636,3,40,1,11,10,0,0,20
17637,3,40,1,11,20,0,20,40
17638,3,40,1,11,30,0,20,60
17639,3,40,1,11,40,0,20,60
17640,3,40,1,11,50,0,40,60
17641,3,40,1,12,0,20,20,20
17642,3,40,1,12,10,0,20,20
17643,3,40,1,12,20,0,20,40
17644,3,40,1,12,30,0,20,20
17645,3,40,1,12,40,0,0,0
17646,3,40,1,12,50,0,0,20
17647,3,40,1,13,0,0,20,20
17648,3,40,1,13,10,0,0,20
17649,3,40,1,13,20,0,0,20
17650,3,40,1,13,30,0,20,20
17651,3,40,1,13,40,0,20,20
17652,3,40,1,13,50,0,40,20
17653,3,40,1,14,0,0,20,40
17654,3,40,1,14,10,0,20,60
17655,3,40,1,14,20,0,20,60
17656,3,40,1,14,30,0,20,40
17657,3,40,1,14,40,0,0,20
17658,3,40,1,14,50,0,0,40
17659,3,40,1,15,0,0,20,40
17660,3,40,1,15,10,0,20,80
17661,3,40,1,15,20,0,40,40
17662,3,40,1,15,30,0,20,60
17663,3,40,1,15,40,0,20,40
17664,3,40,1,15,50,0,0,40
17665,3,40,1,16,0,0,20,40
17666,3,40,1,16,10,0,20,20
17667,3,40,1,16,20,0,0,40
17668,3,40,1,16,30,0,20,40
17669,3,40,1,16,40,0,0,20
17670,3,40,1,16,50,0,20,20
17773,3,40,2,10,0,40,60,0
17774,3,40,2,10,10,40,60,0
17775,3,40,2,10,20,20,40,0
17776,3,40,2,10,30,20,40,0
17777,3,40,2,10,40,0,20,0
17778,3,40,2,10,50,20,0,0
17779,3,40,2,11,0,20,20,20
17780,3,40,2,11,10,20,20,20
17781,3,40,2,11,20,20,40,20
17782,3,40,2,11,30,40,60,0
17783,3,40,2,11,40,20,60,0
17784,3,40,2,11,50,40,60,0
17785,3,40,2,12,0,20,20,0
17786,3,40,2,12,10,20,20,0
17787,3,40,2,12,20,0,40,20
17788,3,40,2,12,30,0,20,0
17789,3,40,2,12,40,20,0,20
17790,3,40,2,12,50,0,20,20
17791,3,40,2,13,0,0,20,20
17792,3,40,2,13,10,20,20,20
17793,3,40,2,13,20,0,20,20
17794,3,40,2,13,30,0,20,0
17795,3,40,2,13,40,40,20,0
17796,3,40,2,13,50,40,20,0
17797,3,40,2,14,0,40,40,0
17798,3,40,2,14,10,20,60,0
17799,3,40,2,14,20,20,60,0
17800,3,40,2,14,30,40,40,0
17801,3,40,2,14,40,40,20,0
17802,3,40,2,14,50,40,40,0
17803,3,40,2,15,0,40,40,0
17804,3,40,2,15,10,20,80,0
17805,3,40,2,15,20,20,40,0
17806,3,40,2,15,30,40,60,0
17807,3,40,2,15,40,40,40,20
17808,3,40,2,15,50,20,40,20
17809,3,40,2,16,0,20,40,0
17810,3,40,2,16,10,20,20,0
17811,3,40,2,16,20,40,40,0
17812,3,40,2,16,30,40,40,0
17813,3,40,2,16,40,40,20,0
17814,3,40,2,16,50,40,20,0
17917,3,40,3,10,0,20,0,20
17918,3,40,3,10,10,20,0,20
17919,3,40,3,10,20,20,0,0
17920,3,40,3,10,30,20,0,20
17921,3,40,3,10,40,0,0,20
17922,3,40,3,10,50,0,0,20
17923,3,40,3,11,0,0,20,20
17924,3,40,3,11,10,0,20,20
17925,3,40,3,11,20,0,20,20
17926,3,40,3,11,30,20,0,20
17927,3,40,3,11,40,20,0,20
17928,3,40,3,11,50,20,0,0
17929,3,40,3,12,0,0,0,0
17930,3,40,3,12,10,0,0,0
17931,3,40,3,12,20,0,20,20
17932,3,40,3,12,30,0,0,20
17933,3,40,3,12,40,0,20,20
17934,3,40,3,12,50,0,20,20
17935,3,40,3,13,0,0,20,20
17936,3,40,3,13,10,0,20,20
17937,3,40,3,13,20,0,20,20
17938,3,40,3,13,30,0,0,20
17939,3,40,3,13,40,20,0,20
17940,3,40,3,13,50,20,0,20
17941,3,40,3,14,0,0,0,20
17942,3,40,3,14,10,0,0,20
17943,3,40,3,14,20,0,0,20
17944,3,40,3,14,30,0,0,20
17945,3,40,3,14,40,0,0,20
17946,3,40,3,14,50,0,0,20
17947,3,40,3,15,0,0,0,40
17948,3,40,3,15,10,0,0,20
17949,3,40,3,15,20,0,0,60
17950,3,40,3,15,30,0,0,60
17951,3,40,3,15,40,20,20,60
17952,3,40,3,15,50,0,20,60
17953,3,40,3,16,0,0,0,20
17954,3,40,3,16,10,0,0,20
17955,3,40,3,16,20,0,0,20
17956,3,40,3,16,30,0,0,20
17957,3,40,3,16,40,20,0,40
17958,3,40,3,16,50,0,0,20
18061,3,40,4,10,0,0,20,0
18062,3,40,4,10,10,0,20,0
18063,3,40,4,10,20,0,0,0
18064,3,40,4,10,30,0,20,0
18065,3,40,4,10,40,0,20,0
18066,3,40,4,10,50,0,20,0
18067,3,40,4,11,0,0,20,0
18068,3,40,4,11,10,0,20,0
18069,3,40,4,11,20,0,20,0
18070,3,40,4,11,30,0,20,0
18071,3,40,4,11,40,0,20,0
18072,3,40,4,11,50,0,0,0
18073,3,40,4,12,0,0,0,0
18074,3,40,4,12,10,0,0,0
18075,3,40,4,12,20,0,20,0
18076,3,40,4,12,30,0,20,0
18077,3,40,4,12,40,0,20,0
18078,3,40,4,12,50,0,20,0
18079,3,40,4,13,0,0,20,0
18080,3,40,4,13,10,0,20,0
18081,3,40,4,13,20,0,20,0
18082,3,40,4,13,30,0,20,0
18083,3,40,4,13,40,0,20,0
18084,3,40,4,13,50,0,20,0
18085,3,40,4,14,0,0,20,0
18086,3,40,4,14,10,0,20,0
18087,3,40,4,14,20,0,20,0
18088,3,40,4,14,30,0,20,0
18089,3,40,4,14,40,0,20,0
18090,3,40,4,14,50,0,20,0
18091,3,40,4,15,0,0,40,0
18092,3,40,4,15,10,0,20,0
18093,3,40,4,15,20,0,60,0
18094,3,40,4,15,30,0,60,0
18095,3,40,4,15,40,0,60,0
18096,3,40,4,15,50,0,60,0
18097,3,40,4,16,0,0,20,0
18098,3,40,4,16,10,0,20,0
18099,3,40,4,16,20,0,20,0
18100,3,40,4,16,30,0,20,0
18101,3,40,4,16,40,0,40,0
18102,3,40,4,16,50,0,20,0
